"Replicate","gene","Sample","dTag","re","log2_re","Cell_line","re_plus","re_minus","re_diff","percent_KD"
"R1","Esrrb","Sample 7","500",0.136579153425918,-2.8721907982592,"ctrl",0.136579153425918,0.0458082781976272,0.0907708752282904,66
"R1","Esrrb","Sample 1","0",0.0458082781976272,-4.44824785268671,"KD",0.136579153425918,0.0458082781976272,0.0907708752282904,66
"R1","Fgf5","Sample 7","500",0.168425963679163,-2.5698135409018,"ctrl",0.168425963679163,0.232887868024043,-0.0644619043448805,-38
"R1","Fgf5","Sample 1","0",0.232887868024043,-2.10229260861223,"KD",0.168425963679163,0.232887868024043,-0.0644619043448805,-38
"R1","Nanog","Sample 7","500",0.24487125959416,-2.02990463937733,"ctrl",0.24487125959416,0.172849918344358,0.0720213412498022,29
"R1","Nanog","Sample 1","0",0.172849918344358,-2.53240817282722,"KD",0.24487125959416,0.172849918344358,0.0720213412498022,29
"R1","Otx2","Sample 1","0",0.327628560980628,-1.60986696565859,"KD",0.36820729859513,0.327628560980628,0.0405787376145024,11
"R1","Otx2","Sample 7","500",0.36820729859513,-1.44140987085397,"ctrl",0.36820729859513,0.327628560980628,0.0405787376145024,11
"R1","Rnf12","Sample 7","500",1.20664667141258,0.271003289990986,"ctrl",1.20664667141258,0.103921899540223,1.10272477187236,91
"R1","Rnf12","Sample 1","0",0.103921899540223,-3.2664283883941,"KD",1.20664667141258,0.103921899540223,1.10272477187236,91
"R1","Tsix","Sample 1","0",0.00965893024933692,-6.69392086883468,"KD",0.00717089326102154,0.00965893024933692,-0.00248803698831538,-35
"R1","Tsix","Sample 7","500",0.00717089326102154,-7.12363144147029,"ctrl",0.00717089326102154,0.00965893024933692,-0.00248803698831538,-35
"R1","Xist","Sample 1","0",0.0700383650628671,-3.83571078309097,"KD",0.0936544552064245,0.0700383650628671,0.0236160901435574,25
"R1","Xist","Sample 7","500",0.0936544552064245,-3.41650856368513,"ctrl",0.0936544552064245,0.0700383650628671,0.0236160901435574,25
"R2","Esrrb","Sample 8","0",0.0858968373647112,-3.54125117601568,"KD",0.170024131827176,0.0858968373647112,0.0841272944624649,49
"R2","Esrrb","Sample 14","500",0.170024131827176,-2.5561885697208,"ctrl",0.170024131827176,0.0858968373647112,0.0841272944624649,49
"R2","Fgf5","Sample 14","500",0.162687334788458,-2.61982615333669,"ctrl",0.162687334788458,0.204261113285456,-0.0415737784969974,-26
"R2","Fgf5","Sample 8","0",0.204261113285456,-2.29151352131127,"KD",0.162687334788458,0.204261113285456,-0.0415737784969974,-26
"R2","Nanog","Sample 8","0",0.227608853925033,-2.13537141569062,"KD",0.273257792702582,0.227608853925033,0.045648938777549,17
"R2","Nanog","Sample 14","500",0.273257792702582,-1.87166545595976,"ctrl",0.273257792702582,0.227608853925033,0.045648938777549,17
"R2","Otx2","Sample 8","0",0.315835634345201,-1.66275414157128,"KD",0.36401045815104,0.315835634345201,0.0481748238058393,13
"R2","Otx2","Sample 14","500",0.36401045815104,-1.45794819472191,"ctrl",0.36401045815104,0.315835634345201,0.0481748238058393,13
"R2","Rnf12","Sample 14","500",1.43302339530121,0.519062162991208,"ctrl",1.43302339530121,0.119524200202393,1.31349919509882,92
"R2","Rnf12","Sample 8","0",0.119524200202393,-3.06462534298048,"KD",1.43302339530121,0.119524200202393,1.31349919509882,92
"R2","Tsix","Sample 8","0",0.00855223083312712,-6.86948349131914,"KD",0.0172602458463429,0.00855223083312712,0.00870801501321576,50
"R2","Tsix","Sample 14","500",0.0172602458463429,-5.85640317608209,"ctrl",0.0172602458463429,0.00855223083312712,0.00870801501321576,50
"R2","Xist","Sample 8","0",0.0700526226506718,-3.83541712606667,"KD",0.131478727740275,0.0700526226506718,0.0614261050896035,47
"R2","Xist","Sample 14","500",0.131478727740275,-2.92709869359134,"ctrl",0.131478727740275,0.0700526226506718,0.0614261050896035,47
"R3","Esrrb","Sample 15","0",0.0315251645570347,-4.98735228853135,"KD",0.0700534780203848,0.0315251645570347,0.0385283134633501,55
"R3","Esrrb","Sample 21","500",0.0700534780203848,-3.8353995103078,"ctrl",0.0700534780203848,0.0315251645570347,0.0385283134633501,55
"R3","Fgf5","Sample 21","500",0.139552923501278,-2.84111574707516,"ctrl",0.139552923501278,0.27669368825387,-0.137140764752592,-98
"R3","Fgf5","Sample 15","0",0.27669368825387,-1.85363836033125,"KD",0.139552923501278,0.27669368825387,-0.137140764752592,-98
"R3","Nanog","Sample 15","0",0.146558203978324,-2.7704543659758,"KD",0.158078697031977,0.146558203978324,0.0115204930536533,7
"R3","Nanog","Sample 21","500",0.158078697031977,-2.66128513425681,"ctrl",0.158078697031977,0.146558203978324,0.0115204930536533,7
"R3","Otx2","Sample 15","0",0.364048106459072,-1.45779898961676,"KD",0.249530742803439,0.364048106459072,-0.114517363655633,-46
"R3","Otx2","Sample 21","500",0.249530742803439,-2.00271052478461,"ctrl",0.249530742803439,0.364048106459072,-0.114517363655633,-46
"R3","Rnf12","Sample 21","500",0.781408642337565,-0.355850883147966,"ctrl",0.781408642337565,0.0755597571293182,0.705848885208247,90
"R3","Rnf12","Sample 15","0",0.0755597571293182,-3.7262381252757,"KD",0.781408642337565,0.0755597571293182,0.705848885208247,90
"R3","Tsix","Sample 15","0",0.006910520230873,-7.17698996243504,"KD",0.00578280518830968,0.006910520230873,-0.00112771504256332,-20
"R3","Tsix","Sample 21","500",0.00578280518830968,-7.43401478336959,"ctrl",0.00578280518830968,0.006910520230873,-0.00112771504256332,-20
"R3","Xist","Sample 15","0",0.0992411858149977,-3.33291721593902,"KD",0.0998338914812944,0.0992411858149977,0.000592705666296697,1
"R3","Xist","Sample 21","500",0.0998338914812944,-3.32432652680102,"ctrl",0.0998338914812944,0.0992411858149977,0.000592705666296697,1
