"Sample","gene","re","Biological_Replicate","Day","KD","re_NTC","re_diff_ntc","percent_KD_ntc","log2_re"
"Sample 1","Zfp281",0.0326911729379168,"R1","D0","Rex1",0.0294824186476282,-0.00320875429028868,-11,-4.93495504878585
"Sample 1","Rex1",0.0160821385026763,"R1","D0","Rex1",0.12037308317576,0.104290944673084,87,-5.95839692989525
"Sample 1","Xist",0.00101561968994044,"R1","D0","Rex1",0.000235414945406038,-0.000780204744534403,-331,-9.94342401459154
"Sample 1","Myc",0.0109866986856197,"R1","D0","Rex1",0.00887589645052955,-0.00211080223509016,-24,-6.5080982434677
"Sample 1","Nanog",1.03287206974901,"R1","D0","Rex1",0.913794428815405,-0.119077640933608,-13,0.0466615748533491
"Sample 1","Tsix",0.00445978047162479,"R1","D0","Rex1",0.00412371819967659,-0.000336062271948196,-8,-7.80881158803513
"Sample 1","Esrrb",0.548174170196521,"R1","D0","Rex1",0.49069772681159,-0.0574764433849305,-12,-0.867293744482375
"Sample 1","Prdm14",0.277076408592779,"R1","D0","Rex1",0.280687204308092,0.00361079571531314,1,-1.8516442157357
"Sample 1","Otx2",0.024074436198669,"R1","D0","Rex1",0.0251800868517288,0.00110565065305973,4,-5.37635417791196
"Sample 1","Fgf5",0.000241510496682303,"R1","D0","Rex1",0.000474903626251915,0.000233393129569612,49,-12.0156264857993
"Sample 1","Oct4",4.03254226546229,"R1","D0","Rex1",5.69844458339427,1.66590231793198,29,2.01168965448527
"Sample 10","Zfp281",0.0860723075721667,"R1","D4","Myc",0.072129790959513,-0.0139425166126538,-19,-3.53830704221695
"Sample 10","Rex1",0.0234559229236322,"R1","D4","Myc",0.0173191685719714,-0.00613675435166077,-35,-5.41390392189109
"Sample 10","Xist",0.507377353802391,"R1","D4","Myc",0.508202865369206,0.000825511566815429,0,-0.978868967062379
"Sample 10","Myc",0.0257603251577114,"R1","D4","Myc",0.10114583163388,0.075385506476169,75,-5.27870538590072
"Sample 10","Nanog",0.305196451521507,"R1","D4","Myc",0.137325093123545,-0.167871358397962,-122,-1.71218990664049
"Sample 10","Tsix",0.00954628291965529,"R1","D4","Myc",0.00929086590521567,-0.00025541701443962,-3,-6.71084519101917
"Sample 10","Esrrb",0.0525514040203573,"R1","D4","Myc",0.0469328322343258,-0.00561857178603158,-12,-4.25012688046552
"Sample 10","Prdm14",0.00753606901513541,"R1","D4","Myc",0.00602401393435303,-0.00151205508078238,-25,-7.05197210748505
"Sample 10","Otx2",NA,"R1","D4","Myc",0.292054573071803,NA,NA,NA
"Sample 10","Fgf5",NA,"R1","D4","Myc",0.249468313794884,NA,NA,NA
"Sample 10","Oct4",6.80613845278201,"R1","D4","Myc",5.64017036592678,-1.16596808685523,-21,2.76683649939436
"Sample 11","Zfp281",0.0206107517164923,"R1","D4","Zfp281",0.072129790959513,0.0515190392430206,71,-5.60045906588356
"Sample 11","Rex1",0.0356370299882735,"R1","D4","Zfp281",0.0173191685719714,-0.018317861416302,-106,-4.81047908298599
"Sample 11","Xist",0.478257845190014,"R1","D4","Zfp281",0.508202865369206,0.0299450201791923,6,-1.06413946060997
"Sample 11","Myc",0.100419345803495,"R1","D4","Zfp281",0.10114583163388,0.000726485830385648,1,-3.31589086338604
"Sample 11","Nanog",0.101785707907464,"R1","D4","Zfp281",0.137325093123545,0.0355393852160809,26,-3.29639309318456
"Sample 11","Tsix",0.0147733344136289,"R1","D4","Zfp281",0.00929086590521567,-0.00548246850841319,-59,-6.08086070361215
"Sample 11","Esrrb",0.12269068665535,"R1","D4","Zfp281",0.0469328322343258,-0.0757578544210238,-161,-3.02690235547169
"Sample 11","Prdm14",0.0119783091846884,"R1","D4","Zfp281",0.00602401393435303,-0.00595429525033535,-99,-6.38343191295192
"Sample 11","Otx2",0.261223388789409,"R1","D4","Zfp281",0.292054573071803,0.0308311842823938,11,-1.9366440196728
"Sample 11","Fgf5",0.250784652129888,"R1","D4","Zfp281",0.249468313794884,-0.0013163383350043,-1,-1.99547903611596
"Sample 11","Oct4",4.62803602333898,"R1","D4","Zfp281",5.64017036592678,1.0121343425878,18,2.21040009402411
"Sample 12","Zfp281",0.072129790959513,"R1","D4","NTC",0.072129790959513,0,0,-3.79326094705332
"Sample 12","Rex1",0.0173191685719714,"R1","D4","NTC",0.0173191685719714,0,0,-5.8514865164009
"Sample 12","Xist",0.508202865369206,"R1","D4","NTC",0.508202865369206,0,0,-0.976523585213744
"Sample 12","Myc",0.10114583163388,"R1","D4","NTC",0.10114583163388,0,0,-3.30549122931686
"Sample 12","Nanog",0.137325093123545,"R1","D4","NTC",0.137325093123545,0,0,-2.8643328247034
"Sample 12","Tsix",0.00929086590521567,"R1","D4","NTC",0.00929086590521567,0,0,-6.74997122315163
"Sample 12","Esrrb",0.0469328322343258,"R1","D4","NTC",0.0469328322343258,0,0,-4.41325866511866
"Sample 12","Prdm14",0.00602401393435303,"R1","D4","NTC",0.00602401393435303,0,0,-7.37505917750106
"Sample 12","Otx2",0.292054573071803,"R1","D4","NTC",0.292054573071803,0,0,-1.77569011981059
"Sample 12","Fgf5",0.249468313794884,"R1","D4","NTC",0.249468313794884,0,0,-2.00307151152528
"Sample 12","Oct4",5.64017036592678,"R1","D4","NTC",5.64017036592678,0,0,2.49573874105768
"Sample 13","Zfp281",0.0625878485608887,"R2","D2","Rex1",0.0474231434529331,-0.0151647051079556,-32,-3.99797360486349
"Sample 13","Rex1",0.00175305528132862,"R2","D2","Rex1",0.030081606045834,0.0283285507645053,94,-9.15591279350408
"Sample 13","Xist",0.0879837531745881,"R2","D2","Rex1",0.125909551381586,0.0379257982069978,30,-3.5066190453251
"Sample 13","Myc",0.122502891357289,"R2","D2","Rex1",0.144984624167483,0.0224817328101942,16,-3.02911229425058
"Sample 13","Nanog",0.0810218264922135,"R2","D2","Rex1",0.0908991282705962,0.00987730177838274,11,-3.62554558140359
"Sample 13","Tsix",0.00168891389272664,"R2","D2","Rex1",0.00342378605700525,0.00173487216427861,51,-9.2096885087448
"Sample 13","Esrrb",0.184505576021601,"R2","D2","Rex1",0.10647260671157,-0.078032969310031,-73,-2.43826367764152
"Sample 13","Prdm14",0.0121048361930708,"R2","D2","Rex1",0.0108400118319062,-0.00126482436116453,-12,-6.36827263336588
"Sample 13","Otx2",0.366834665124547,"R2","D2","Rex1",0.308911407436675,-0.0579232576878724,-19,-1.44679811778585
"Sample 13","Fgf5",0.0551978524608178,"R2","D2","Rex1",0.0597078249336418,0.004509972472824,8,-4.17924405147414
"Sample 13","Oct4",7.77224008895612,"R2","D2","Rex1",6.62380022165643,-1.14843986729969,-17,2.95833046728924
"Sample 14","Zfp281",0.0654950283389741,"R2","D2","Myc",0.0474231434529331,-0.018071884886041,-38,-3.93247079248238
"Sample 14","Rex1",0.0308828671607924,"R2","D2","Myc",0.030081606045834,-0.000801261114958467,-3,-5.01704949135793
"Sample 14","Xist",0.199271314175696,"R2","D2","Myc",0.125909551381586,-0.0733617627941099,-58,-2.3271940509175
"Sample 14","Myc",0.0252807669657027,"R2","D2","Myc",0.144984624167483,0.11970385720178,83,-5.30581595723949
"Sample 14","Nanog",0.0735113761049004,"R2","D2","Myc",0.0908991282705962,0.0173877521656958,19,-3.76588866118441
"Sample 14","Tsix",0.00673668322599612,"R2","D2","Myc",0.00342378605700525,-0.00331289716899087,-97,-7.21374582250909
"Sample 14","Esrrb",0.134809943061342,"R2","D2","Myc",0.10647260671157,-0.0283373363497717,-27,-2.89100118682258
"Sample 14","Prdm14",0.00958919345300709,"R2","D2","Myc",0.0108400118319062,0.00125081837889916,12,-6.7043748093854
"Sample 14","Otx2",NA,"R2","D2","Myc",0.308911407436675,NA,NA,NA
"Sample 14","Fgf5",NA,"R2","D2","Myc",0.0597078249336418,NA,NA,NA
"Sample 14","Oct4",8.3743011109942,"R2","D2","Myc",6.62380022165643,-1.75050088933777,-26,3.06596879335025
"Sample 15","Zfp281",0.0263785342650597,"R2","D2","Zfp281",0.0474231434529331,0.0210446091878734,44,-5.24449178694714
"Sample 15","Rex1",0.035470454325133,"R2","D2","Zfp281",0.030081606045834,-0.00538884827929909,-18,-4.81723838054987
"Sample 15","Xist",0.144277029720226,"R2","D2","Zfp281",0.125909551381586,-0.0183674783386405,-15,-2.79308646759192
"Sample 15","Myc",0.114371870384679,"R2","D2","Zfp281",0.144984624167483,0.0306127537828046,21,-3.12819582814448
"Sample 15","Nanog",0.0574934656853917,"R2","D2","Zfp281",0.0908991282705962,0.0334056625852045,37,-4.12045819126495
"Sample 15","Tsix",0.00379731815468551,"R2","D2","Zfp281",0.00342378605700525,-0.000373532097680257,-11,-8.04080340581095
"Sample 15","Esrrb",0.115249918257474,"R2","D2","Zfp281",0.10647260671157,-0.00877731154590411,-8,-3.11716236748289
"Sample 15","Prdm14",0.00797203084918032,"R2","D2","Zfp281",0.0108400118319062,0.00286798098272592,26,-6.97083699171124
"Sample 15","Otx2",0.341560172068984,"R2","D2","Zfp281",0.308911407436675,-0.0326487646323091,-11,-1.54978833687421
"Sample 15","Fgf5",0.0536468796479347,"R2","D2","Zfp281",0.0597078249336418,0.0060609452857071,10,-4.22036193020706
"Sample 15","Oct4",5.65184774791407,"R2","D2","Zfp281",6.62380022165643,0.971952473742356,15,2.49872260220974
"Sample 16","Zfp281",0.0474231434529331,"R2","D2","NTC",0.0474231434529331,0,0,-4.39826489444423
"Sample 16","Rex1",0.030081606045834,"R2","D2","NTC",0.030081606045834,0,0,-5.05497459574767
"Sample 16","Xist",0.125909551381586,"R2","D2","NTC",0.125909551381586,0,0,-2.98954036617376
"Sample 16","Myc",0.144984624167483,"R2","D2","NTC",0.144984624167483,0,0,-2.78602818646461
"Sample 16","Nanog",0.0908991282705962,"R2","D2","NTC",0.0908991282705962,0,0,-3.45958973084179
"Sample 16","Tsix",0.00342378605700525,"R2","D2","NTC",0.00342378605700525,0,0,-8.19019173016042
"Sample 16","Esrrb",0.10647260671157,"R2","D2","NTC",0.10647260671157,0,0,-3.23144579349552
"Sample 16","Prdm14",0.0108400118319062,"R2","D2","NTC",0.0108400118319062,0,0,-6.52748985837601
"Sample 16","Otx2",0.308911407436675,"R2","D2","NTC",0.308911407436675,0,0,-1.6947349473001
"Sample 16","Fgf5",0.0597078249336418,"R2","D2","NTC",0.0597078249336418,0,0,-4.06593617531654
"Sample 16","Oct4",6.62380022165643,"R2","D2","NTC",6.62380022165643,0,0,2.72765916082457
"Sample 17","Zfp281",0.00244292575515547,"R2","D0","Rex1",0.00341243079765981,0.000969505042504344,28,-8.67717426645056
"Sample 17","Rex1",0.0248058673234406,"R2","D0","Rex1",0.0829347317186857,0.0581288643952451,70,-5.33317478862754
"Sample 17","Xist",0.00105857203367078,"R2","D0","Rex1",0.000420744460045449,-0.000637827573625328,-152,-9.88366483951718
"Sample 17","Myc",0.00743669863818977,"R2","D0","Rex1",0.00600466333761637,-0.0014320353005734,-24,-7.07112197453032
"Sample 17","Nanog",0.127402223215956,"R2","D0","Rex1",0.131286927750665,0.00388470453470929,3,-2.97253764151098
"Sample 17","Tsix",8.09462854736894e-05,"R2","D0","Rex1",0.00058953794812373,0.00050859166265004,86,-13.5926755959058
"Sample 17","Esrrb",0.086390461649864,"R2","D0","Rex1",0.101922495573188,0.0155320339233236,15,-3.53298415620637
"Sample 17","Prdm14",0.0427460640022781,"R2","D0","Rex1",0.0441323218525625,0.00138625785028445,3,-4.548064605
"Sample 17","Otx2",0.0387261000252189,"R2","D0","Rex1",0.0250202415924263,-0.0137058584327926,-55,-4.69054997003972
"Sample 17","Fgf5",0.000619652285106492,"R2","D0","Rex1",0.000557094381592466,-6.25579035140256e-05,-11,-10.6562534983636
"Sample 17","Oct4",0.625035967615261,"R2","D0","Rex1",0.752077353652516,0.127041386037255,17,-0.677988883021229
"Sample 18","Zfp281",0.00165451312298839,"R2","D0","Myc",0.00341243079765981,0.00175791767467142,52,-9.23937755004083
"Sample 18","Rex1",0.0887564012353038,"R2","D0","Myc",0.0829347317186857,-0.00582166951661804,-7,-3.49400501734161
"Sample 18","Xist",0.000173141970096508,"R2","D0","Myc",0.000420744460045449,0.000247602489948941,59,-12.4957568991502
"Sample 18","Myc",0.00110981599317637,"R2","D0","Myc",0.00600466333761637,0.00489484734444,82,-9.81546378622883
"Sample 18","Nanog",0.0918739862689948,"R2","D0","Myc",0.131286927750665,0.0394129414816701,30,-3.44419976344462
"Sample 18","Tsix",0.000101236736764022,"R2","D0","Myc",0.00058953794812373,0.000488301211359708,83,-13.2699794696575
"Sample 18","Esrrb",0.0722056322651569,"R2","D0","Myc",0.101922495573188,0.0297168633080306,29,-3.79174481354746
"Sample 18","Prdm14",0.0336613528338542,"R2","D0","Myc",0.0441323218525625,0.0104709690187083,24,-4.89276303071017
"Sample 18","Otx2",NA,"R2","D0","Myc",0.0250202415924263,NA,NA,NA
"Sample 18","Fgf5",NA,"R2","D0","Myc",0.000557094381592466,NA,NA,NA
"Sample 18","Oct4",0.612337682735534,"R2","D0","Myc",0.752077353652516,0.139739670916982,19,-0.707600626848865
"Sample 19","Zfp281",0.00200224694339624,"R2","D0","Zfp281",0.00341243079765981,0.00141018385426356,41,-8.96416436740993
"Sample 19","Rex1",0.0890129720721415,"R2","D0","Zfp281",0.0829347317186857,-0.00607824035345575,-7,-3.48984059099445
"Sample 19","Xist",0.00017303873484177,"R2","D0","Zfp281",0.000420744460045449,0.000247705725203679,59,-12.4966173572424
"Sample 19","Myc",0.00747727386752036,"R2","D0","Zfp281",0.00600466333761637,-0.00147261052990399,-25,-7.0632719095602
"Sample 19","Nanog",0.111090403194758,"R2","D0","Zfp281",0.131286927750665,0.0201965245559068,15,-3.17019390337495
"Sample 19","Tsix",0.000272323711886766,"R2","D0","Zfp281",0.00058953794812373,0.000317214236236964,54,-11.8423897727385
"Sample 19","Esrrb",0.09901875216373,"R2","D0","Zfp281",0.101922495573188,0.00290374340945758,3,-3.33615442123149
"Sample 19","Prdm14",0.0403657985332103,"R2","D0","Zfp281",0.0441323218525625,0.00376652331935221,9,-4.63072275779263
"Sample 19","Otx2",0.0240794557792728,"R2","D0","Zfp281",0.0250202415924263,0.000940785813153482,4,-5.37605340371601
"Sample 19","Fgf5",0.000411476068499668,"R2","D0","Zfp281",0.000557094381592466,0.000145618313092798,26,-11.2469038537892
"Sample 19","Oct4",0.74625580647593,"R2","D0","Zfp281",0.752077353652516,0.00582154717658601,1,-0.422257843127756
"Sample 2","Zfp281",0.0346520636451407,"R1","D0","Myc",0.0294824186476282,-0.00516964499751256,-18,-4.85091491758662
"Sample 2","Rex1",0.127558300169327,"R1","D0","Myc",0.12037308317576,-0.00718521699356678,-6,-2.9707713172835
"Sample 2","Xist",0.000543787959544582,"R1","D0","Myc",0.000235414945406038,-0.000308373014138544,-131,-10.8446681717278
"Sample 2","Myc",0.00289314145549863,"R1","D0","Myc",0.00887589645052955,0.00598275499503092,67,-8.43314742141625
"Sample 2","Nanog",0.651274595873801,"R1","D0","Myc",0.913794428815405,0.262519832941604,29,-0.618662142006613
"Sample 2","Tsix",0.00632928496133086,"R1","D0","Myc",0.00412371819967659,-0.00220556676165427,-53,-7.3037417614714
"Sample 2","Esrrb",0.366484500466158,"R1","D0","Myc",0.49069772681159,0.124213226345432,25,-1.44817591037127
"Sample 2","Prdm14",0.29750121900967,"R1","D0","Myc",0.280687204308092,-0.0168140147015772,-6,-1.74903251501938
"Sample 2","Otx2",NA,"R1","D0","Myc",0.0251800868517288,NA,NA,NA
"Sample 2","Fgf5",NA,"R1","D0","Myc",0.000474903626251915,NA,NA,NA
"Sample 2","Oct4",4.73092959955527,"R1","D0","Myc",5.69844458339427,0.967514983839001,17,2.24212369242257
"Sample 20","Zfp281",0.00341243079765981,"R2","D0","NTC",0.00341243079765981,0,0,-8.19498449544581
"Sample 20","Rex1",0.0829347317186857,"R2","D0","NTC",0.0829347317186857,0,0,-3.59187978425651
"Sample 20","Xist",0.000420744460045449,"R2","D0","NTC",0.000420744460045449,0,0,-11.2147681038768
"Sample 20","Myc",0.00600466333761637,"R2","D0","NTC",0.00600466333761637,0,0,-7.37970092378812
"Sample 20","Nanog",0.131286927750665,"R2","D0","NTC",0.131286927750665,0,0,-2.92920482075989
"Sample 20","Tsix",0.00058953794812373,"R2","D0","NTC",0.00058953794812373,0,0,-10.7281276981377
"Sample 20","Esrrb",0.101922495573188,"R2","D0","NTC",0.101922495573188,0,0,-3.29445558734746
"Sample 20","Prdm14",0.0441323218525625,"R2","D0","NTC",0.0441323218525625,0,0,-4.50202053860722
"Sample 20","Otx2",0.0250202415924263,"R2","D0","NTC",0.0250202415924263,0,0,-5.32076046971493
"Sample 20","Fgf5",0.000557094381592466,"R2","D0","NTC",0.000557094381592466,0,0,-10.8097906133477
"Sample 20","Oct4",0.752077353652516,"R2","D0","NTC",0.752077353652516,0,0,-0.411047039378619
"Sample 21","Zfp281",0.102652569482213,"R2","D4","Rex1",0.088576531557048,-0.0140760379251651,-16,-3.28415835508964
"Sample 21","Rex1",9.44271441405831e-05,"R2","D4","Rex1",0.0159287643197266,0.015834337175586,99,-13.3704388363764
"Sample 21","Xist",0.892534313583184,"R2","D4","Rex1",0.600746829732725,-0.29178748385046,-49,-0.164020460104517
"Sample 21","Myc",0.123993045554666,"R2","D4","Rex1",0.141778989366715,0.017785943812049,13,-3.01166888899422
"Sample 21","Nanog",0.159927927736592,"R2","D4","Rex1",0.191849872104059,0.0319219443674675,17,-2.64450620054121
"Sample 21","Tsix",0.0120672830096593,"R2","D4","Rex1",0.00887783469339197,-0.00318944831626736,-36,-6.37275530487769
"Sample 21","Esrrb",0.0402858853916405,"R2","D4","Rex1",0.0474965997877138,0.00721071439607332,15,-4.63358172676051
"Sample 21","Prdm14",0.00578928998854938,"R2","D4","Rex1",0.00421078377503391,-0.00157850621351547,-37,-7.43239786093968
"Sample 21","Otx2",0.438737349842177,"R2","D4","Rex1",0.300386514889812,-0.138350834952365,-46,-1.18857056624067
"Sample 21","Fgf5",0.371991476996013,"R2","D4","Rex1",0.309657563439422,-0.0623339135565911,-20,-1.42665852795311
"Sample 21","Oct4",5.547555929538,"R2","D4","Rex1",4.02095022051143,-1.52660570902657,-38,2.47185230750753
"Sample 22","Zfp281",0.114804120318739,"R2","D4","Myc",0.088576531557048,-0.0262275887616907,-30,-3.12275367363388
"Sample 22","Rex1",0.021431799211835,"R2","D4","Myc",0.0159287643197266,-0.00550303489210836,-35,-5.54410321960007
"Sample 22","Xist",0.67287706503935,"R2","D4","Myc",0.600746829732725,-0.0721302353066247,-12,-0.571585147048442
"Sample 22","Myc",0.0254042263648275,"R2","D4","Myc",0.141778989366715,0.116374763001888,82,-5.29878765937739
"Sample 22","Nanog",0.339078200057714,"R2","D4","Myc",0.191849872104059,-0.147228327953654,-77,-1.56031006097998
"Sample 22","Tsix",0.0124923932632633,"R2","D4","Myc",0.00887783469339197,-0.00361455856987129,-41,-6.32280629823433
"Sample 22","Esrrb",0.0471132545375462,"R2","D4","Myc",0.0474965997877138,0.000383345250167595,1,-4.40772319436407
"Sample 22","Prdm14",0.00568398181739291,"R2","D4","Myc",0.00421078377503391,-0.00147319804235899,-35,-7.45888234514104
"Sample 22","Otx2",NA,"R2","D4","Myc",0.300386514889812,NA,NA,NA
"Sample 22","Fgf5",NA,"R2","D4","Myc",0.309657563439422,NA,NA,NA
"Sample 22","Oct4",5.57363177649143,"R2","D4","Myc",4.02095022051143,-1.55268155598001,-39,2.47861769354731
"Sample 23","Zfp281",0.0177895357501178,"R2","D4","Zfp281",0.088576531557048,0.0707869958069302,80,-5.8128273283963
"Sample 23","Rex1",0.0318952884291733,"R2","D4","Zfp281",0.0159287643197266,-0.0159665241094467,-100,-4.97051286490353
"Sample 23","Xist",0.516660735409924,"R2","D4","Zfp281",0.600746829732725,0.0840860943228012,14,-0.952710847241914
"Sample 23","Myc",0.114096686627697,"R2","D4","Zfp281",0.141778989366715,0.0276823027390177,20,-3.13167119857363
"Sample 23","Nanog",0.0727875948250282,"R2","D4","Zfp281",0.191849872104059,0.119062277279031,62,-3.78016359662284
"Sample 23","Tsix",0.0117426352149995,"R2","D4","Zfp281",0.00887783469339197,-0.00286480052160751,-32,-6.41209998362752
"Sample 23","Esrrb",0.0875386135457151,"R2","D4","Zfp281",0.0474965997877138,-0.0400420137580013,-84,-3.51393665531297
"Sample 23","Prdm14",0.00867533920232391,"R2","D4","Zfp281",0.00421078377503391,-0.00446455542729,-106,-6.84886411706416
"Sample 23","Otx2",0.294557714811012,"R2","D4","Zfp281",0.300386514889812,0.0058288000788006,2,-1.76337775552176
"Sample 23","Fgf5",0.261191092790755,"R2","D4","Zfp281",0.309657563439422,0.048466470648667,16,-1.93682239634038
"Sample 23","Oct4",3.60657227347599,"R2","D4","Zfp281",4.02095022051143,0.414377947035431,10,1.85062833481795
"Sample 24","Zfp281",0.088576531557048,"R2","D4","NTC",0.088576531557048,0,0,-3.49693168389735
"Sample 24","Rex1",0.0159287643197266,"R2","D4","NTC",0.0159287643197266,0,0,-5.97222183621646
"Sample 24","Xist",0.600746829732725,"R2","D4","NTC",0.600746829732725,0,0,-0.735170964917064
"Sample 24","Myc",0.141778989366715,"R2","D4","NTC",0.141778989366715,0,0,-2.81828434356763
"Sample 24","Nanog",0.191849872104059,"R2","D4","NTC",0.191849872104059,0,0,-2.38195029171315
"Sample 24","Tsix",0.00887783469339197,"R2","D4","NTC",0.00887783469339197,0,0,-6.81557643894613
"Sample 24","Esrrb",0.0474965997877138,"R2","D4","NTC",0.0474965997877138,0,0,-4.3960319530677
"Sample 24","Prdm14",0.00421078377503391,"R2","D4","NTC",0.00421078377503391,0,0,-7.89169549006114
"Sample 24","Otx2",0.300386514889812,"R2","D4","NTC",0.300386514889812,0,0,-1.73510804680974
"Sample 24","Fgf5",0.309657563439422,"R2","D4","NTC",0.309657563439422,0,0,-1.69125441032624
"Sample 24","Oct4",4.02095022051143,"R2","D4","NTC",4.02095022051143,0,0,2.00753647563943
"Sample 25","Zfp281",0.035304742150243,"R3","D0","Rex1",0.027369272822043,-0.00793546932819996,-29,-4.82399420975864
"Sample 25","Rex1",0.0219530006815738,"R3","D0","Rex1",0.0970430412586678,0.0750900405770939,77,-5.50943803941958
"Sample 25","Xist",0.000907133544770013,"R3","D0","Rex1",4.60131697346795e-05,-0.000861120375035333,-1871,-10.1063974250525
"Sample 25","Myc",0.0082450094534439,"R3","D0","Rex1",0.0046298316631217,-0.0036151777903222,-78,-6.92226313685395
"Sample 25","Nanog",0.906287391983829,"R3","D0","Rex1",0.727168992701671,-0.179118399282158,-25,-0.141959480329778
"Sample 25","Tsix",0.00233068107587873,"R3","D0","Rex1",0.00267626861959922,0.000345587543720493,13,-8.74503268119354
"Sample 25","Esrrb",0.497090372277437,"R3","D0","Rex1",0.308609913109636,-0.188480459167801,-61,-1.00841993367505
"Sample 25","Prdm14",0.267552057565107,"R3","D0","Rex1",0.214214426996011,-0.0533376305690957,-25,-1.90210847109643
"Sample 25","Otx2",0.0313400965356194,"R3","D0","Rex1",0.0219315291302228,-0.00940856740539663,-43,-4.99584656608277
"Sample 25","Fgf5",0.000379287732529288,"R3","D0","Rex1",0.000322618179123942,-5.66695534053458e-05,-18,-11.3644196688858
"Sample 25","Oct4",4.52669157616509,"R3","D0","Rex1",4.58525939844158,0.0585678222764878,1,2.17845701263935
"Sample 26","Zfp281",0.0558078296923498,"R3","D0","Myc",0.027369272822043,-0.0284385568703068,-104,-4.16338864718445
"Sample 26","Rex1",0.158177085409678,"R3","D0","Myc",0.0970430412586678,-0.0611340441510102,-63,-2.66038747839058
"Sample 26","Xist",0.000419280819162078,"R3","D0","Myc",4.60131697346795e-05,-0.000373267649427398,-811,-11.2197955468197
"Sample 26","Myc",0.0055293357731235,"R3","D0","Myc",0.0046298316631217,-0.000899504110001798,-19,-7.49867810155767
"Sample 26","Nanog",1.35698804804764,"R3","D0","Myc",0.727168992701671,-0.629819055345973,-87,0.440408013978338
"Sample 26","Tsix",0.00961026215292396,"R3","D0","Myc",0.00267626861959922,-0.00693399353332474,-259,-6.70120849866152
"Sample 26","Esrrb",0.914308085661071,"R3","D0","Myc",0.308609913109636,-0.605698172551435,-196,-0.129247716516531
"Sample 26","Prdm14",0.372587941488574,"R3","D0","Myc",0.214214426996011,-0.158373514492563,-74,-1.42434711152608
"Sample 26","Otx2",NA,"R3","D0","Myc",0.0219315291302228,NA,NA,NA
"Sample 26","Fgf5",NA,"R3","D0","Myc",0.000322618179123942,NA,NA,NA
"Sample 26","Oct4",5.04804968469287,"R3","D0","Myc",4.58525939844158,-0.462790286251295,-10,2.3357261099059
"Sample 27","Zfp281",0.0180835735012316,"R3","D0","Zfp281",0.027369272822043,0.00928569932081145,34,-5.789176392382
"Sample 27","Rex1",0.172185065958238,"R3","D0","Zfp281",0.0970430412586678,-0.0751420246995698,-77,-2.53796807527863
"Sample 27","Xist",0.000215819898831607,"R3","D0","Zfp281",4.60131697346795e-05,-0.000169806729096927,-369,-12.1778844905243
"Sample 27","Myc",0.0242286480845269,"R3","D0","Zfp281",0.0046298316631217,-0.0195988164214052,-423,-5.36714228255716
"Sample 27","Nanog",1.09245703906245,"R3","D0","Zfp281",0.727168992701671,-0.365288046360783,-50,0.127576546773739
"Sample 27","Tsix",0.00575059199509913,"R3","D0","Zfp281",0.00267626861959922,-0.00307432337549991,-115,-7.44207380261705
"Sample 27","Esrrb",0.765939847570693,"R3","D0","Zfp281",0.308609913109636,-0.457329934461057,-148,-0.38469699910662
"Sample 27","Prdm14",0.310634544048964,"R3","D0","Zfp281",0.214214426996011,-0.0964201170529524,-45,-1.68670982164316
"Sample 27","Otx2",0.028474243281082,"R3","D0","Zfp281",0.0219315291302228,-0.00654271415085924,-30,-5.13419868775834
"Sample 27","Fgf5",0.000293817111129675,"R3","D0","Zfp281",0.000322618179123942,2.8801067994267e-05,9,-11.7327939624739
"Sample 27","Oct4",4.93089494056501,"R3","D0","Zfp281",4.58525939844158,-0.345635542123428,-8,2.30184951458299
"Sample 28","Zfp281",0.027369272822043,"R3","D0","NTC",0.027369272822043,0,0,-5.19129908572473
"Sample 28","Rex1",0.0970430412586678,"R3","D0","NTC",0.0970430412586678,0,0,-3.36523142558954
"Sample 28","Xist",4.60131697346795e-05,"R3","D0","NTC",4.60131697346795e-05,0,0,-14.4075936308409
"Sample 28","Myc",0.0046298316631217,"R3","D0","NTC",0.0046298316631217,0,0,-7.75482454543026
"Sample 28","Nanog",0.727168992701671,"R3","D0","NTC",0.727168992701671,0,0,-0.459637412172274
"Sample 28","Tsix",0.00267626861959922,"R3","D0","NTC",0.00267626861959922,0,0,-8.54556135675658
"Sample 28","Esrrb",0.308609913109636,"R3","D0","NTC",0.308609913109636,0,0,-1.69614369025541
"Sample 28","Prdm14",0.214214426996011,"R3","D0","NTC",0.214214426996011,0,0,-2.22287244834402
"Sample 28","Otx2",0.0219315291302228,"R3","D0","NTC",0.0219315291302228,0,0,-5.51084978534731
"Sample 28","Fgf5",0.000322618179123942,"R3","D0","NTC",0.000322618179123942,0,0,-11.5978846447353
"Sample 28","Oct4",4.58525939844158,"R3","D0","NTC",4.58525939844158,0,0,2.19700335263374
"Sample 29","Zfp281",0.176652554595666,"R3","D2","Rex1",0.190847786211166,0.0141952316154998,7,-2.50101348250652
"Sample 29","Rex1",0.00237874364283604,"R3","D2","Rex1",0.0524505696974928,0.0500718260546567,95,-8.7155844837429
"Sample 29","Xist",0.377837373780193,"R3","D2","Rex1",0.35751057725316,-0.0203267965270323,-6,-1.40416268193673
"Sample 29","Myc",0.17116258447294,"R3","D2","Rex1",0.161316478559985,-0.00984610591295534,-6,-2.54656072664562
"Sample 29","Nanog",0.0899343962583249,"R3","D2","Rex1",0.0985417285921612,0.00860733233383629,9,-3.47498319616349
"Sample 29","Tsix",0.00720835791515468,"R3","D2","Rex1",0.012005934966277,0.00479757705112233,40,-7.11611363788368
"Sample 29","Esrrb",0.228386783687298,"R3","D2","Rex1",0.174655666423551,-0.0537311172637474,-31,-2.13044892781389
"Sample 29","Prdm14",0.0138378442662231,"R3","D2","Rex1",0.0109816940924127,-0.00285615017381043,-26,-6.17523698008536
"Sample 29","Otx2",0.518392268276816,"R3","D2","Rex1",0.475009374101572,-0.0433828941752443,-9,-0.947883894029559
"Sample 29","Fgf5",0.0856151681596594,"R3","D2","Rex1",0.0956195933849542,0.0100044252252948,10,-3.54598977293647
"Sample 29","Oct4",7.2304885320451,"R3","D2","Rex1",7.45538610938401,0.224897577338904,3,2.85409312697557
"Sample 3","Zfp281",0.0168551945104432,"R1","D0","Zfp281",0.0294824186476282,0.0126272241371849,43,-5.8906629135275
"Sample 3","Rex1",0.139484733978099,"R1","D0","Zfp281",0.12037308317576,-0.0191116508023388,-16,-2.84182086114312
"Sample 3","Xist",0.000675267397826304,"R1","D0","Zfp281",0.000235414945406038,-0.000439852452420266,-187,-10.5322534742348
"Sample 3","Myc",0.0128607527277523,"R1","D0","Zfp281",0.00887589645052955,-0.00398485627722273,-45,-6.28088110505484
"Sample 3","Nanog",1.02489019509297,"R1","D0","Zfp281",0.913794428815405,-0.111095766277565,-12,0.0354693502373705
"Sample 3","Tsix",0.00748624455554177,"R1","D0","Zfp281",0.00412371819967659,-0.00336252635586518,-82,-7.06154210667475
"Sample 3","Esrrb",0.525042148784889,"R1","D0","Zfp281",0.49069772681159,-0.0343444219732983,-7,-0.929494852295004
"Sample 3","Prdm14",0.302466097241944,"R1","D0","Zfp281",0.280687204308092,-0.0217788929338519,-8,-1.72515465194476
"Sample 3","Otx2",0.0243622508793031,"R1","D0","Zfp281",0.0251800868517288,0.000817835972425629,3,-5.35920875676079
"Sample 3","Fgf5",0.000222695775606739,"R1","D0","Zfp281",0.000474903626251915,0.000252207850645175,53,-12.1326381881458
"Sample 3","Oct4",5.65998932719291,"R1","D0","Zfp281",5.69844458339427,0.0384552562013596,1,2.50079933262953
"Sample 30","Zfp281",0.152018032097991,"R3","D2","Myc",0.190847786211166,0.0388297541131744,20,-2.71768563124894
"Sample 30","Rex1",0.0391238052513417,"R3","D2","Myc",0.0524505696974928,0.0133267644461511,25,-4.67580949355777
"Sample 30","Xist",0.580209019108946,"R3","D2","Myc",0.35751057725316,-0.222698441855785,-62,-0.785355373080137
"Sample 30","Myc",0.0322890958669475,"R3","D2","Myc",0.161316478559985,0.129027382693037,80,-4.95280914543272
"Sample 30","Nanog",0.0813544886264918,"R3","D2","Myc",0.0985417285921612,0.0171872399656694,17,-3.61963424288697
"Sample 30","Tsix",0.0111109343379362,"R3","D2","Myc",0.012005934966277,0.000895000628340798,7,-6.49187604919271
"Sample 30","Esrrb",0.0845118290734718,"R3","D2","Myc",0.174655666423551,0.0901438373500792,52,-3.56470290102796
"Sample 30","Prdm14",0.00954384364076192,"R3","D2","Myc",0.0109816940924127,0.0014378504516508,13,-6.71121387747819
"Sample 30","Otx2",NA,"R3","D2","Myc",0.475009374101572,NA,NA,NA
"Sample 30","Fgf5",NA,"R3","D2","Myc",0.0956195933849542,NA,NA,NA
"Sample 30","Oct4",7.32007894488274,"R3","D2","Myc",7.45538610938401,0.135307164501268,2,2.87185920763181
"Sample 31","Zfp281",0.0607198563498345,"R3","D2","Zfp281",0.190847786211166,0.130127929861331,68,-4.04168781212455
"Sample 31","Rex1",0.0532075398023026,"R3","D2","Zfp281",0.0524505696974928,-0.000756970104809816,-1,-4.23222549170532
"Sample 31","Xist",0.54084592972697,"R3","D2","Zfp281",0.35751057725316,-0.183335352473809,-51,-0.886710421492722
"Sample 31","Myc",0.135878039784806,"R3","D2","Zfp281",0.161316478559985,0.0254384387751789,16,-2.8796157841359
"Sample 31","Nanog",0.0619563974144689,"R3","D2","Zfp281",0.0985417285921612,0.0365853311776924,37,-4.0126029317574
"Sample 31","Tsix",0.0111241820848425,"R3","D2","Zfp281",0.012005934966277,0.000881752881434515,7,-6.49015692520318
"Sample 31","Esrrb",0.152162323709491,"R3","D2","Zfp281",0.174655666423551,0.0224933427140597,13,-2.71631691164564
"Sample 31","Prdm14",0.0101916977926216,"R3","D2","Zfp281",0.0109816940924127,0.000789996299791092,7,-6.61646178567366
"Sample 31","Otx2",0.477977217380666,"R3","D2","Zfp281",0.475009374101572,-0.00296784327909366,-1,-1.06498624060445
"Sample 31","Fgf5",0.0803424132501891,"R3","D2","Zfp281",0.0956195933849542,0.0152771801347651,16,-3.63769439341759
"Sample 31","Oct4",5.87563963551948,"R3","D2","Zfp281",7.45538610938401,1.57974647386452,21,2.55474591529655
"Sample 32","Zfp281",0.190847786211166,"R3","D2","NTC",0.190847786211166,0,0,-2.38950564315546
"Sample 32","Rex1",0.0524505696974928,"R3","D2","NTC",0.0524505696974928,0,0,-4.25289774690004
"Sample 32","Xist",0.35751057725316,"R3","D2","NTC",0.35751057725316,0,0,-1.48394216901048
"Sample 32","Myc",0.161316478559985,"R3","D2","NTC",0.161316478559985,0,0,-2.63203427683714
"Sample 32","Nanog",0.0985417285921612,"R3","D2","NTC",0.0985417285921612,0,0,-3.34312141053923
"Sample 32","Tsix",0.012005934966277,"R3","D2","NTC",0.012005934966277,0,0,-6.38010843146354
"Sample 32","Esrrb",0.174655666423551,"R3","D2","NTC",0.174655666423551,0,0,-2.51741464546381
"Sample 32","Prdm14",0.0109816940924127,"R3","D2","NTC",0.0109816940924127,0,0,-6.50875556073249
"Sample 32","Otx2",0.475009374101572,"R3","D2","NTC",0.475009374101572,0,0,-1.07397211020924
"Sample 32","Fgf5",0.0956195933849542,"R3","D2","NTC",0.0956195933849542,0,0,-3.38654991902697
"Sample 32","Oct4",7.45538610938401,"R3","D2","NTC",7.45538610938401,0,0,2.89828307064004
"Sample 33","Zfp281",0.085070648077474,"R3","D4","Rex1",0.0815755542583872,-0.00349509381908678,-4,-3.55519474502596
"Sample 33","Rex1",0.00014907716322192,"R3","D4","Rex1",0.0176700919063876,0.0175210147431657,99,-12.7116531080438
"Sample 33","Xist",0.666482885204077,"R3","D4","Rex1",0.532862435756611,-0.133620449447466,-25,-0.58536026645718
"Sample 33","Myc",0.119630277806795,"R3","D4","Rex1",0.0794279534027147,-0.0402023244040801,-51,-3.06334552045631
"Sample 33","Nanog",0.120484251482519,"R3","D4","Rex1",0.0991053423561282,-0.021378909126391,-22,-3.05308351102876
"Sample 33","Tsix",0.00792546025656007,"R3","D4","Rex1",0.013708460467503,0.00578300021094297,42,-6.97928956511026
"Sample 33","Esrrb",0.0544885408091762,"R3","D4","Rex1",0.041653921176148,-0.0128346196330282,-31,-4.19790333339053
"Sample 33","Prdm14",0.00613001014988004,"R3","D4","Rex1",0.00601716693109272,-0.000112843218787311,-2,-7.3498948219745
"Sample 33","Otx2",0.360020318736987,"R3","D4","Rex1",0.364400552288037,0.00438023355105022,1,-1.47384976357166
"Sample 33","Fgf5",0.273397691645991,"R3","D4","Rex1",0.226596056844681,-0.0468016348013095,-21,-1.87092703286856
"Sample 33","Oct4",6.43290604413251,"R3","D4","Rex1",5.56915636874486,-0.863749675387659,-16,2.68547061754294
"Sample 34","Zfp281",0.099760580221649,"R3","D4","Myc",0.0815755542583872,-0.0181850259632617,-22,-3.32538633366427
"Sample 34","Rex1",0.0225061382781838,"R3","D4","Myc",0.0176700919063876,-0.00483604637179615,-27,-5.47353765696585
"Sample 34","Xist",0.533432584898001,"R3","D4","Myc",0.532862435756611,-0.000570149141389198,0,-0.906622139824336
"Sample 34","Myc",0.0269185700680101,"R3","D4","Myc",0.0794279534027147,0.0525093833347046,66,-5.21525441469211
"Sample 34","Nanog",0.374512215569809,"R3","D4","Myc",0.0991053423561282,-0.275406873213681,-278,-1.41691531864774
"Sample 34","Tsix",0.00952066152986892,"R3","D4","Myc",0.013708460467503,0.00418779893763412,31,-6.71472246399615
"Sample 34","Esrrb",0.0573245866623893,"R3","D4","Myc",0.041653921176148,-0.0156706654862414,-38,-4.12470214245049
"Sample 34","Prdm14",0.00529029981909292,"R3","D4","Myc",0.00601716693109272,0.000726867111999801,12,-7.5624347976231
"Sample 34","Otx2",NA,"R3","D4","Myc",0.364400552288037,NA,NA,NA
"Sample 34","Fgf5",NA,"R3","D4","Myc",0.226596056844681,NA,NA,NA
"Sample 34","Oct4",6.28732729509465,"R3","D4","Myc",5.56915636874486,-0.718170926349791,-13,2.65244686645971
"Sample 35","Zfp281",0.0235782036429101,"R3","D4","Zfp281",0.0815755542583872,0.0579973506154772,71,-5.40640238215196
"Sample 35","Rex1",0.0365914581752352,"R3","D4","Zfp281",0.0176700919063876,-0.0189213662688476,-107,-4.77234928133294
"Sample 35","Xist",0.57817789646925,"R3","D4","Zfp281",0.532862435756611,-0.0453154607126384,-9,-0.790414638725007
"Sample 35","Myc",0.130658453378182,"R3","D4","Zfp281",0.0794279534027147,-0.0512304999754671,-64,-2.93612762731129
"Sample 35","Nanog",0.0850823758471478,"R3","D4","Zfp281",0.0991053423561282,0.0140229665089804,14,-3.55499586998059
"Sample 35","Tsix",0.0142896035532049,"R3","D4","Zfp281",0.013708460467503,-0.000581143085701832,-4,-6.12889029851659
"Sample 35","Esrrb",0.0956630224808332,"R3","D4","Zfp281",0.041653921176148,-0.0540091013046852,-130,-3.3858948156654
"Sample 35","Prdm14",0.00982317099757865,"R3","D4","Zfp281",0.00601716693109272,-0.00380600406648592,-63,-6.669595471526
"Sample 35","Otx2",0.288642955641157,"R3","D4","Zfp281",0.364400552288037,0.0757575966468807,21,-1.79264207822201
"Sample 35","Fgf5",0.286289312331768,"R3","D4","Zfp281",0.226596056844681,-0.0596932554870867,-26,-1.80445428181088
"Sample 35","Oct4",4.776177205371,"R3","D4","Zfp281",5.56915636874486,0.792979163373857,14,2.25585636435969
"Sample 36","Zfp281",0.0815755542583872,"R3","D4","NTC",0.0815755542583872,0,0,-3.61571930515161
"Sample 36","Rex1",0.0176700919063876,"R3","D4","NTC",0.0176700919063876,0,0,-5.82254664606262
"Sample 36","Xist",0.532862435756611,"R3","D4","NTC",0.532862435756611,0,0,-0.908164961278636
"Sample 36","Myc",0.0794279534027147,"R3","D4","NTC",0.0794279534027147,0,0,-3.65420935950725
"Sample 36","Nanog",0.0991053423561282,"R3","D4","NTC",0.0991053423561282,0,0,-3.33489336058746
"Sample 36","Tsix",0.013708460467503,"R3","D4","NTC",0.013708460467503,0,0,-6.18878963183142
"Sample 36","Esrrb",0.041653921176148,"R3","D4","NTC",0.041653921176148,0,0,-4.58540387677441
"Sample 36","Prdm14",0.00601716693109272,"R3","D4","NTC",0.00601716693109272,0,0,-7.37669990341053
"Sample 36","Otx2",0.364400552288037,"R3","D4","NTC",0.364400552288037,0,0,-1.456402949187
"Sample 36","Fgf5",0.226596056844681,"R3","D4","NTC",0.226596056844681,0,0,-2.14180533884862
"Sample 36","Oct4",5.56915636874486,"R3","D4","NTC",5.56915636874486,0,0,2.4774588006697
"Sample 4","Zfp281",0.0294824186476282,"R1","D0","NTC",0.0294824186476282,0,0,-5.08400130618956
"Sample 4","Rex1",0.12037308317576,"R1","D0","NTC",0.12037308317576,0,0,-3.05441527015066
"Sample 4","Xist",0.000235414945406038,"R1","D0","NTC",0.000235414945406038,0,0,-12.0525064662303
"Sample 4","Myc",0.00887589645052955,"R1","D0","NTC",0.00887589645052955,0,0,-6.81589144803961
"Sample 4","Nanog",0.913794428815405,"R1","D0","NTC",0.913794428815405,0,0,-0.130058448078458
"Sample 4","Tsix",0.00412371819967659,"R1","D0","NTC",0.00412371819967659,0,0,-7.92183853726643
"Sample 4","Esrrb",0.49069772681159,"R1","D0","NTC",0.49069772681159,0,0,-1.02709350684222
"Sample 4","Prdm14",0.280687204308092,"R1","D0","NTC",0.280687204308092,0,0,-1.83296479769894
"Sample 4","Otx2",0.0251800868517288,"R1","D0","NTC",0.0251800868517288,0,0,-5.31157293053264
"Sample 4","Fgf5",0.000474903626251915,"R1","D0","NTC",0.000474903626251915,0,0,-11.0400776072326
"Sample 4","Oct4",5.69844458339427,"R1","D0","NTC",5.69844458339427,0,0,2.51056818277744
"Sample 5","Zfp281",0.0804158321163024,"R1","D2","Rex1",0.10988548893785,0.0294696568215472,27,-3.636376625347
"Sample 5","Rex1",0.00186287681800571,"R1","D2","Rex1",0.0430298338654498,0.0411669570474441,96,-9.06825200486874
"Sample 5","Xist",0.161017875816136,"R1","D2","Rex1",0.215011707357909,0.0539938315417727,25,-2.63470723313317
"Sample 5","Myc",0.119152545282264,"R1","D2","Rex1",0.117862596251379,-0.00128994903088477,-1,-3.06911832483732
"Sample 5","Nanog",0.0721053147476487,"R1","D2","Rex1",0.100117760567135,0.0280124458194858,28,-3.7937505880411
"Sample 5","Tsix",0.00358348959473092,"R1","D2","Rex1",0.00884045644016346,0.00525696684543253,59,-8.12441911925005
"Sample 5","Esrrb",0.104670107335259,"R1","D2","Rex1",0.146796214506242,0.0421261071709831,29,-3.25607861209101
"Sample 5","Prdm14",0.0114172432828064,"R1","D2","Rex1",0.0155861595452581,0.00416891626245173,27,-6.45264183875221
"Sample 5","Otx2",0.306117883553629,"R1","D2","Rex1",0.392641965823274,0.0865240822696445,22,-1.70784076462396
"Sample 5","Fgf5",0.0523732436067976,"R1","D2","Rex1",0.0823081931141782,0.0299349495073806,36,-4.25502623248544
"Sample 5","Oct4",5.81352018766856,"R1","D2","Rex1",7.40481002673082,1.59128983906226,21,2.53941200517965
"Sample 6","Zfp281",0.123900893350884,"R1","D2","Myc",0.10988548893785,-0.0140154044130341,-13,-3.01274150524385
"Sample 6","Rex1",0.0401121690325753,"R1","D2","Myc",0.0430298338654498,0.00291766483287446,7,-4.6398162089643
"Sample 6","Xist",0.355533841173522,"R1","D2","Myc",0.215011707357909,-0.140522133815614,-65,-1.49194120685819
"Sample 6","Myc",0.0307480199353066,"R1","D2","Myc",0.117862596251379,0.0871145763160726,74,-5.02336268083473
"Sample 6","Nanog",0.0931820295657393,"R1","D2","Myc",0.100117760567135,0.00693573100139527,7,-3.42380443614162
"Sample 6","Tsix",0.00867004997654192,"R1","D2","Myc",0.00884045644016346,0.00017040646362154,2,-6.84974397510178
"Sample 6","Esrrb",0.098262275920736,"R1","D2","Myc",0.146796214506242,0.0485339385855064,33,-3.34721853503819
"Sample 6","Prdm14",0.01343511100659,"R1","D2","Myc",0.0155861595452581,0.00215104853866809,14,-6.21784794821559
"Sample 6","Otx2",NA,"R1","D2","Myc",0.392641965823274,NA,NA,NA
"Sample 6","Fgf5",NA,"R1","D2","Myc",0.0823081931141782,NA,NA,NA
"Sample 6","Oct4",8.2452289704043,"R1","D2","Myc",7.40481002673082,-0.840418943673475,-11,3.04355955792958
"Sample 7","Zfp281",0.0466983224709272,"R1","D2","Zfp281",0.10988548893785,0.0631871664669225,58,-4.42048546438675
"Sample 7","Rex1",0.0469268562815697,"R1","D2","Zfp281",0.0430298338654498,-0.00389702241611985,-9,-4.41344237502765
"Sample 7","Xist",0.309092415461394,"R1","D2","Zfp281",0.215011707357909,-0.0940807081034857,-44,-1.69388984124277
"Sample 7","Myc",0.100935345035507,"R1","D2","Zfp281",0.117862596251379,0.0169272512158725,14,-3.3084966362179
"Sample 7","Nanog",0.0806295847254463,"R1","D2","Zfp281",0.100117760567135,0.0194881758416883,19,-3.63254689810204
"Sample 7","Tsix",0.00907080286294703,"R1","D2","Zfp281",0.00884045644016346,-0.000230346422783577,-3,-6.78455403433493
"Sample 7","Esrrb",0.131868922272954,"R1","D2","Zfp281",0.146796214506242,0.0149272922332884,10,-2.92282349212898
"Sample 7","Prdm14",0.0115061596378289,"R1","D2","Zfp281",0.0155861595452581,0.00407999990742917,26,-6.44144979817829
"Sample 7","Otx2",0.38292049125179,"R1","D2","Zfp281",0.392641965823274,0.00972147457148315,2,-1.38488322959004
"Sample 7","Fgf5",0.0690165845923599,"R1","D2","Zfp281",0.0823081931141782,0.0132916085218182,16,-3.85691310854814
"Sample 7","Oct4",6.07993842591672,"R1","D2","Zfp281",7.40481002673082,1.3248716008141,18,2.60405671296583
"Sample 8","Zfp281",0.10988548893785,"R1","D2","NTC",0.10988548893785,0,0,-3.18592721287358
"Sample 8","Rex1",0.0430298338654498,"R1","D2","NTC",0.0430298338654498,0,0,-4.53851891960132
"Sample 8","Xist",0.215011707357909,"R1","D2","NTC",0.215011707357909,0,0,-2.21751287838725
"Sample 8","Myc",0.117862596251379,"R1","D2","NTC",0.117862596251379,0,0,-3.08482214386574
"Sample 8","Nanog",0.100117760567135,"R1","D2","NTC",0.100117760567135,0,0,-3.32023016857292
"Sample 8","Tsix",0.00884045644016346,"R1","D2","NTC",0.00884045644016346,0,0,-6.82166342557022
"Sample 8","Esrrb",0.146796214506242,"R1","D2","NTC",0.146796214506242,0,0,-2.76811332959103
"Sample 8","Prdm14",0.0155861595452581,"R1","D2","NTC",0.0155861595452581,0,0,-6.00359070032542
"Sample 8","Otx2",0.392641965823274,"R1","D2","NTC",0.392641965823274,0,0,-1.34871371767797
"Sample 8","Fgf5",0.0823081931141782,"R1","D2","NTC",0.0823081931141782,0,0,-3.60282014336994
"Sample 8","Oct4",7.40481002673082,"R1","D2","NTC",7.40481002673082,0,0,2.88846272308886
"Sample 9","Zfp281",0.0684600748641115,"R1","D4","Rex1",0.072129790959513,0.00366971609540147,5,-3.86859331977545
"Sample 9","Rex1",0.000314002516828777,"R1","D4","Rex1",0.0173191685719714,0.0170051660551426,98,-11.6369362567324
"Sample 9","Xist",0.572933206018551,"R1","D4","Rex1",0.508202865369206,-0.064730340649345,-13,-0.803561139086192
"Sample 9","Myc",0.087332563841599,"R1","D4","Rex1",0.10114583163388,0.0138132677922814,14,-3.51733649545037
"Sample 9","Nanog",0.113866013343215,"R1","D4","Rex1",0.137325093123545,0.0234590797803303,17,-3.1345908983071
"Sample 9","Tsix",0.00736832540395888,"R1","D4","Rex1",0.00929086590521567,0.00192254050125679,21,-7.08444750874975
"Sample 9","Esrrb",0.0402113173400522,"R1","D4","Rex1",0.0469328322343258,0.00672151489427353,14,-4.63625458955216
"Sample 9","Prdm14",0.00770945427633613,"R1","D4","Rex1",0.00602401393435303,-0.0016854403419831,-28,-7.01915554393661
"Sample 9","Otx2",0.2908236869245,"R1","D4","Rex1",0.292054573071803,0.00123088614730271,0,-1.78178331663118
"Sample 9","Fgf5",0.238073349314775,"R1","D4","Rex1",0.249468313794884,0.0113949644801087,5,-2.07052196509546
"Sample 9","Oct4",6.05455531561203,"R1","D4","Rex1",5.64017036592678,-0.414384949685255,-7,2.59802100326887
