"Biological_Replicate","KD","gene","Day","Sample","re","dTAG","re_plus","re_minus","re_diff","percent_KD","log2_re","Cell_line"
"R1","Setdb1","Dnmt3b","D0","23",0.282575486040179,"+",0.282575486040179,0.25901963261041,0.0235558534297688,8,-1.82329178032047,"WT"
"R1","Setdb1","Dnmt3b","D0","24",0.25901963261041,"-",0.282575486040179,0.25901963261041,0.0235558534297688,8,-1.94886664254991,"KD"
"R1","Setdb1","Dnmt3b","D2","40",3.52660887378452,"-",6.31559781159897,3.52660887378452,2.78898893781445,44,1.81828157940993,"KD"
"R1","Setdb1","Dnmt3b","D2","39",6.31559781159897,"+",6.31559781159897,3.52660887378452,2.78898893781445,44,2.65891930076014,"WT"
"R1","Setdb1","Esrrb","D0","23",NA,"+",NA,NA,NA,NA,NA,"WT"
"R1","Setdb1","Esrrb","D0","24",NA,"-",NA,NA,NA,NA,NA,"KD"
"R1","Setdb1","Esrrb","D2","40",NA,"-",NA,NA,NA,NA,NA,"KD"
"R1","Setdb1","Esrrb","D2","39",NA,"+",NA,NA,NA,NA,NA,"WT"
"R1","Setdb1","Fgf5","D0","24",0.000643055658760929,"-",0.000328893285831575,0.000643055658760929,-0.000314162372929353,-96,-10.6027687661903,"KD"
"R1","Setdb1","Fgf5","D0","23",0.000328893285831575,"+",0.000328893285831575,0.000643055658760929,-0.000314162372929353,-96,-11.5700928228701,"WT"
"R1","Setdb1","Fgf5","D2","39",0.108251097329422,"+",0.108251097329422,0.0201037342170322,0.0881473631123896,81,-3.2075464454209,"WT"
"R1","Setdb1","Fgf5","D2","40",0.0201037342170322,"-",0.108251097329422,0.0201037342170322,0.0881473631123896,81,-5.63639268657843,"KD"
"R1","Setdb1","Nanog","D0","24",NA,"-",NA,NA,NA,NA,NA,"KD"
"R1","Setdb1","Nanog","D0","23",NA,"+",NA,NA,NA,NA,NA,"WT"
"R1","Setdb1","Nanog","D2","39",NA,"+",NA,NA,NA,NA,NA,"WT"
"R1","Setdb1","Nanog","D2","40",NA,"-",NA,NA,NA,NA,NA,"KD"
"R1","Setdb1","Otx2","D0","24",0.0197789035096134,"-",0.0261228112392498,0.0197789035096134,0.0063439077296364,24,-5.65989374067924,"KD"
"R1","Setdb1","Otx2","D0","23",0.0261228112392498,"+",0.0261228112392498,0.0197789035096134,0.0063439077296364,24,-5.25854602709085,"WT"
"R1","Setdb1","Otx2","D2","39",0.240779321368687,"+",0.240779321368687,0.119860520656517,0.120918800712169,50,-2.05421659913472,"WT"
"R1","Setdb1","Otx2","D2","40",0.119860520656517,"-",0.240779321368687,0.119860520656517,0.120918800712169,50,-3.06057154899717,"KD"
"R1","Setdb1","Setdb1","D0","24",0.0771856221582104,"-",0.130801661466212,0.0771856221582104,0.0536160393080019,41,-3.69552405695594,"KD"
"R1","Setdb1","Setdb1","D0","23",0.130801661466212,"+",0.130801661466212,0.0771856221582104,0.0536160393080019,41,-2.93454722856328,"WT"
"R1","Setdb1","Setdb1","D2","39",0.15634532911221,"+",0.15634532911221,0.0407974018945586,0.115547927217651,74,-2.67719197615086,"WT"
"R1","Setdb1","Setdb1","D2","40",0.0407974018945586,"-",0.15634532911221,0.0407974018945586,0.115547927217651,74,-4.61537890995992,"KD"
"R1","Setdb1","Tsix","D0","23",0.00966251399167308,"+",0.00966251399167308,0.0107988600673181,-0.00113634607564501,-12,-6.69338568654799,"WT"
"R1","Setdb1","Tsix","D0","24",0.0107988600673181,"-",0.00966251399167308,0.0107988600673181,-0.00113634607564501,-12,-6.53297716090683,"KD"
"R1","Setdb1","Tsix","D2","39",0.00627217323928144,"+",0.00627217323928144,0.00597016588887293,0.00030200735040851,5,-7.31681887699458,"WT"
"R1","Setdb1","Tsix","D2","40",0.00597016588887293,"-",0.00627217323928144,0.00597016588887293,0.00030200735040851,5,-7.38801326544516,"KD"
"R1","Setdb1","Xist","D0","23",0.00145792694002817,"+",0.00145792694002817,0.00299768147547854,-0.00153975453545037,-106,-9.4218658598532,"WT"
"R1","Setdb1","Xist","D0","24",0.00299768147547854,"-",0.00145792694002817,0.00299768147547854,-0.00153975453545037,-106,-8.38193718962214,"KD"
"R1","Setdb1","Xist","D2","40",0.544406301777543,"-",0.347573500927474,0.544406301777543,-0.196832800850069,-57,-0.877244328026002,"KD"
"R1","Setdb1","Xist","D2","39",0.347573500927474,"+",0.347573500927474,0.544406301777543,-0.196832800850069,-57,-1.52460999989793,"WT"
"R1","Setdb1","Zfp280c","D0","24",0.0838608867765649,"-",0.0835485072197029,0.0838608867765649,-0.000312379556862072,0,-3.57585810390966,"KD"
"R1","Setdb1","Zfp280c","D0","23",0.0835485072197029,"+",0.0835485072197029,0.0838608867765649,-0.000312379556862072,0,-3.58124213822041,"WT"
"R1","Setdb1","Zfp280c","D2","39",0.0478205524265932,"+",0.0478205524265932,0.064639019499091,-0.0168184670724978,-35,-4.38622539350806,"WT"
"R1","Setdb1","Zfp280c","D2","40",0.064639019499091,"-",0.0478205524265932,0.064639019499091,-0.0168184670724978,-35,-3.95145087557313,"KD"
"R1","Setdb1","Zfp36l1","D0","23",0.0770337805564986,"+",0.0770337805564986,0.0814490691288268,-0.0044152885723282,-6,-3.69836496014608,"WT"
"R1","Setdb1","Zfp36l1","D0","24",0.0814490691288268,"-",0.0770337805564986,0.0814490691288268,-0.0044152885723282,-6,-3.61795797930999,"KD"
"R1","Setdb1","Zfp36l1","D2","40",0.0685525666358678,"-",0.0747534827102269,0.0685525666358678,0.00620091607435909,8,-3.86664550767221,"KD"
"R1","Setdb1","Zfp36l1","D2","39",0.0747534827102269,"+",0.0747534827102269,0.0685525666358678,0.00620091607435909,8,-3.7417153947887,"WT"
"R1","Zfp280c","Dnmt3b","D0","22",0.208991085659562,"-",0.234098625232762,0.208991085659562,0.0251075395731997,11,-2.25848668822244,"KD"
"R1","Zfp280c","Dnmt3b","D0","21",0.234098625232762,"+",0.234098625232762,0.208991085659562,0.0251075395731997,11,-2.09481163278131,"WT"
"R1","Zfp280c","Dnmt3b","D2","27",5.9085700742154,"+",5.9085700742154,3.61072352331961,2.29784655089579,39,2.56280902778965,"WT"
"R1","Zfp280c","Dnmt3b","D2","28",3.61072352331961,"-",5.9085700742154,3.61072352331961,2.29784655089579,39,1.8522879559259,"KD"
"R1","Zfp280c","Dnmt3b","D4","31",1.25121315948264,"+",1.25121315948264,1.39790085218006,-0.146687692697413,-12,0.3233275912078,"WT"
"R1","Zfp280c","Dnmt3b","D4","32",1.39790085218006,"-",1.25121315948264,1.39790085218006,-0.146687692697413,-12,0.48326203943962,"KD"
"R1","Zfp280c","Esrrb","D0","21",0.407592397933782,"+",0.407592397933782,0.273170630994632,0.134421766939149,33,-1.29480095105172,"WT"
"R1","Zfp280c","Esrrb","D0","22",0.273170630994632,"-",0.407592397933782,0.273170630994632,0.134421766939149,33,-1.87212570934127,"KD"
"R1","Zfp280c","Esrrb","D2","27",0.0124142409791489,"+",0.0124142409791489,0.00787806167367876,0.00453617930547018,37,-6.33186013358361,"WT"
"R1","Zfp280c","Esrrb","D2","28",0.00787806167367876,"-",0.0124142409791489,0.00787806167367876,0.00453617930547018,37,-6.98794357347781,"KD"
"R1","Zfp280c","Esrrb","D4","31",0.011355621834168,"+",0.011355621834168,0.00511255509495124,0.00624306673921675,55,-6.46044947954614,"WT"
"R1","Zfp280c","Esrrb","D4","32",0.00511255509495124,"-",0.011355621834168,0.00511255509495124,0.00624306673921675,55,-7.61173979946156,"KD"
"R1","Zfp280c","Fgf5","D0","21",0.00028175122463962,"+",0.00028175122463962,0.000354567867389773,-7.28166427501535e-05,-26,-11.7932904984238,"WT"
"R1","Zfp280c","Fgf5","D0","22",0.000354567867389773,"-",0.00028175122463962,0.000354567867389773,-7.28166427501535e-05,-26,-11.4616505812089,"KD"
"R1","Zfp280c","Fgf5","D2","28",0.100725057221018,"-",0.0935853401761735,0.100725057221018,-0.00713971704484487,-8,-3.31150546981826,"KD"
"R1","Zfp280c","Fgf5","D2","27",0.0935853401761735,"+",0.0935853401761735,0.100725057221018,-0.00713971704484487,-8,-3.41757363551689,"WT"
"R1","Zfp280c","Fgf5","D4","31",0.266684988512917,"+",0.266684988512917,0.273872132065703,-0.00718714355278655,-3,-1.90679147587587,"WT"
"R1","Zfp280c","Fgf5","D4","32",0.273872132065703,"-",0.266684988512917,0.273872132065703,-0.00718714355278655,-3,-1.86842562320724,"KD"
"R1","Zfp280c","Nanog","D0","21",1.06759508552323,"+",1.06759508552323,0.786269946872978,0.281325138650249,26,0.0943645694276717,"WT"
"R1","Zfp280c","Nanog","D0","22",0.786269946872978,"-",1.06759508552323,0.786269946872978,0.281325138650249,26,-0.346903382717759,"KD"
"R1","Zfp280c","Nanog","D2","28",0.0335270702248593,"-",0.0240970016591271,0.0335270702248593,-0.00943006856573214,-39,-4.89852977156221,"KD"
"R1","Zfp280c","Nanog","D2","27",0.0240970016591271,"+",0.0240970016591271,0.0335270702248593,-0.00943006856573214,-39,-5.37500254375997,"WT"
"R1","Zfp280c","Nanog","D4","31",0.325742184705336,"+",0.325742184705336,0.259581920100144,0.0661602646051927,20,-1.61819752920864,"WT"
"R1","Zfp280c","Nanog","D4","32",0.259581920100144,"-",0.325742184705336,0.259581920100144,0.0661602646051927,20,-1.94573819186699,"KD"
"R1","Zfp280c","Otx2","D0","21",0.0151273060258615,"+",0.0151273060258615,0.0178172380191819,-0.00268993199332031,-18,-6.04670110434724,"WT"
"R1","Zfp280c","Otx2","D0","22",0.0178172380191819,"-",0.0151273060258615,0.0178172380191819,-0.00268993199332031,-18,-5.81058247832802,"KD"
"R1","Zfp280c","Otx2","D2","28",0.24291877250179,"-",0.239803629266289,0.24291877250179,-0.00311514323550033,-1,-2.04145411068247,"KD"
"R1","Zfp280c","Otx2","D2","27",0.239803629266289,"+",0.239803629266289,0.24291877250179,-0.00311514323550033,-1,-2.060074601753,"WT"
"R1","Zfp280c","Otx2","D4","32",0.0835612451033901,"-",0.0982351502267227,0.0835612451033901,0.0146739051233326,15,-3.58102220034836,"KD"
"R1","Zfp280c","Otx2","D4","31",0.0982351502267227,"+",0.0982351502267227,0.0835612451033901,0.0146739051233326,15,-3.34761685175154,"WT"
"R1","Zfp280c","Setdb1","D0","21",0.0830110602699185,"+",0.0830110602699185,0.101226037422954,-0.0182149771530351,-22,-3.59055261797181,"WT"
"R1","Zfp280c","Setdb1","D0","22",0.101226037422954,"-",0.0830110602699185,0.101226037422954,-0.0182149771530351,-22,-3.30434766622438,"KD"
"R1","Zfp280c","Setdb1","D2","28",0.158267425642094,"-",0.178997577834985,0.158267425642094,0.0207301521928906,12,-2.65956374213169,"KD"
"R1","Zfp280c","Setdb1","D2","27",0.178997577834985,"+",0.178997577834985,0.158267425642094,0.0207301521928906,12,-2.48198802957156,"WT"
"R1","Zfp280c","Setdb1","D4","31",0.19344278300446,"+",0.19344278300446,0.178315849499642,0.015126933504818,8,-2.37002118940888,"WT"
"R1","Zfp280c","Setdb1","D4","32",0.178315849499642,"-",0.19344278300446,0.178315849499642,0.015126933504818,8,-2.48749315312306,"KD"
"R1","Zfp280c","Tsix","D0","22",0.00595480049373094,"-",0.0050047221150668,0.00595480049373094,-0.000950078378664144,-19,-7.39173111100201,"KD"
"R1","Zfp280c","Tsix","D0","21",0.0050047221150668,"+",0.0050047221150668,0.00595480049373094,-0.000950078378664144,-19,-7.64249431836702,"WT"
"R1","Zfp280c","Tsix","D2","27",0.00834354020840932,"+",0.00834354020840932,0.0045708892501727,0.00377265095823663,45,-6.90512462792196,"WT"
"R1","Zfp280c","Tsix","D2","28",0.0045708892501727,"-",0.00834354020840932,0.0045708892501727,0.00377265095823663,45,-7.77330942090769,"KD"
"R1","Zfp280c","Tsix","D4","31",0.00747833482714263,"+",0.00747833482714263,0.00399602877971735,0.00348230604742528,47,-7.06306721830096,"WT"
"R1","Zfp280c","Tsix","D4","32",0.00399602877971735,"-",0.00747833482714263,0.00399602877971735,0.00348230604742528,47,-7.96721731108982,"KD"
"R1","Zfp280c","Xist","D0","21",0.000488966152610941,"+",0.000488966152610941,0.000831775715879389,-0.000342809563268447,-70,-10.9979777776652,"WT"
"R1","Zfp280c","Xist","D0","22",0.000831775715879389,"-",0.000488966152610941,0.000831775715879389,-0.000342809563268447,-70,-10.2315178141754,"KD"
"R1","Zfp280c","Xist","D2","27",0.00142746981284289,"+",0.00142746981284289,0.529026394864443,-0.5275989250516,-36960,-9.45232404788122,"WT"
"R1","Zfp280c","Xist","D2","28",0.529026394864443,"-",0.00142746981284289,0.529026394864443,-0.5275989250516,-36960,-0.918588389958156,"KD"
"R1","Zfp280c","Xist","D4","31",0.303364911842092,"+",0.303364911842092,0.309516799847008,-0.00615188800491567,-2,-1.72087386638487,"WT"
"R1","Zfp280c","Xist","D4","32",0.309516799847008,"-",0.303364911842092,0.309516799847008,-0.00615188800491567,-2,-1.69191037721458,"KD"
"R1","Zfp280c","Zfp280c","D0","22",0.00326134493392851,"-",0.0456112853784251,0.00326134493392851,0.0423499404444965,93,-8.26031724984643,"KD"
"R1","Zfp280c","Zfp280c","D0","21",0.0456112853784251,"+",0.0456112853784251,0.00326134493392851,0.0423499404444965,93,-4.4544653622024,"WT"
"R1","Zfp280c","Zfp280c","D2","28",0.00127266172472212,"-",0.0281463084791935,0.00127266172472212,0.0268736467544714,95,-9.61793528484103,"KD"
"R1","Zfp280c","Zfp280c","D2","27",0.0281463084791935,"+",0.0281463084791935,0.00127266172472212,0.0268736467544714,95,-5.15091047130558,"WT"
"R1","Zfp280c","Zfp280c","D4","31",0.0777319178878494,"+",0.0777319178878494,0.00198243671186627,0.0757494811759832,97,-3.68534907732876,"WT"
"R1","Zfp280c","Zfp280c","D4","32",0.00198243671186627,"-",0.0777319178878494,0.00198243671186627,0.0757494811759832,97,-8.97850947519392,"KD"
"R1","Zfp280c","Zfp36l1","D0","21",0.0536954367490258,"+",0.0536954367490258,0.0535534959038012,0.000141940845224529,0,-4.21905670229558,"WT"
"R1","Zfp280c","Zfp36l1","D0","22",0.0535534959038012,"-",0.0536954367490258,0.0535534959038012,0.000141940845224529,0,-4.22287543443586,"KD"
"R1","Zfp280c","Zfp36l1","D2","27",0.0806980645959315,"+",0.0806980645959315,0.059755362556695,0.0209427020392365,26,-3.63132211641212,"WT"
"R1","Zfp280c","Zfp36l1","D2","28",0.059755362556695,"-",0.0806980645959315,0.059755362556695,0.0209427020392365,26,-4.06478800075172,"KD"
"R1","Zfp280c","Zfp36l1","D4","32",0.112004265985699,"-",0.0926652765431983,0.112004265985699,-0.019338989442501,-21,-3.15837441261158,"KD"
"R1","Zfp280c","Zfp36l1","D4","31",0.0926652765431983,"+",0.0926652765431983,0.112004265985699,-0.019338989442501,-21,-3.43182735516992,"WT"
"R1","Zfp36l1","Dnmt3b","D0","26",0.214191750398145,"-",0.216555386342581,0.214191750398145,0.00236363594443567,1,-2.22302517917304,"KD"
"R1","Zfp36l1","Dnmt3b","D0","25",0.216555386342581,"+",0.216555386342581,0.214191750398145,0.00236363594443567,1,-2.20719203814529,"WT"
"R1","Zfp36l1","Dnmt3b","D2","29",5.58503835722257,"+",5.58503835722257,2.83384878103642,2.75118957618615,49,2.48156718896011,"WT"
"R1","Zfp36l1","Dnmt3b","D2","30",2.83384878103642,"-",5.58503835722257,2.83384878103642,2.75118957618615,49,1.5027627756626,"KD"
"R1","Zfp36l1","Dnmt3b","D4","33",1.47861507789071,"+",1.47861507789071,2.54681736537671,-1.068202287486,-72,0.564246530128156,"WT"
"R1","Zfp36l1","Dnmt3b","D4","34",2.54681736537671,"-",1.47861507789071,2.54681736537671,-1.068202287486,-72,1.34869550632883,"KD"
"R1","Zfp36l1","Esrrb","D0","25",0.365340317993287,"+",0.365340317993287,0.292976523887554,0.0723637941057321,20,-1.45268712038453,"WT"
"R1","Zfp36l1","Esrrb","D0","26",0.292976523887554,"-",0.365340317993287,0.292976523887554,0.0723637941057321,20,-1.77114302828734,"KD"
"R1","Zfp36l1","Esrrb","D2","29",0.013296732908442,"+",0.013296732908442,0.00720661996326972,0.00609011294517228,46,-6.23278437982267,"WT"
"R1","Zfp36l1","Esrrb","D2","30",0.00720661996326972,"-",0.013296732908442,0.00720661996326972,0.00609011294517228,46,-7.11646151695766,"KD"
"R1","Zfp36l1","Esrrb","D4","33",0.0108414093352145,"+",0.0108414093352145,0.00526497438651181,0.0055764349487027,51,-6.52730387692399,"WT"
"R1","Zfp36l1","Esrrb","D4","34",0.00526497438651181,"-",0.0108414093352145,0.00526497438651181,0.0055764349487027,51,-7.56935777193764,"KD"
"R1","Zfp36l1","Fgf5","D0","25",0.00041549895128872,"+",0.00041549895128872,0.000324081468967514,9.14174823212059e-05,22,-11.2328675438835,"WT"
"R1","Zfp36l1","Fgf5","D0","26",0.000324081468967514,"-",0.00041549895128872,0.000324081468967514,9.14174823212059e-05,22,-11.5913558500785,"KD"
"R1","Zfp36l1","Fgf5","D2","30",0.0623842008422779,"-",0.0815442628190821,0.0623842008422779,0.0191600619768042,23,-4.00267548524694,"KD"
"R1","Zfp36l1","Fgf5","D2","29",0.0815442628190821,"+",0.0815442628190821,0.0623842008422779,0.0191600619768042,23,-3.61627281245281,"WT"
"R1","Zfp36l1","Fgf5","D4","34",0.295600377712651,"-",0.26553726217381,0.295600377712651,-0.0300631155388411,-11,-1.7582799819533,"KD"
"R1","Zfp36l1","Fgf5","D4","33",0.26553726217381,"+",0.26553726217381,0.295600377712651,-0.0300631155388411,-11,-1.91301376989811,"WT"
"R1","Zfp36l1","Nanog","D0","25",1.02196068937996,"+",1.02196068937996,0.917831576833481,0.104129112546477,10,0.0313397028045585,"WT"
"R1","Zfp36l1","Nanog","D0","26",0.917831576833481,"-",1.02196068937996,0.917831576833481,0.104129112546477,10,-0.123698653186842,"KD"
"R1","Zfp36l1","Nanog","D2","30",0.017587752696181,"-",0.0268806211873372,0.017587752696181,0.00929286849115613,35,-5.82928503790307,"KD"
"R1","Zfp36l1","Nanog","D2","29",0.0268806211873372,"+",0.0268806211873372,0.017587752696181,0.00929286849115613,35,-5.21728971186878,"WT"
"R1","Zfp36l1","Nanog","D4","34",0.275363953663001,"-",0.314850800572014,0.275363953663001,0.0394868469090127,13,-1.86058837809876,"KD"
"R1","Zfp36l1","Nanog","D4","33",0.314850800572014,"+",0.314850800572014,0.275363953663001,0.0394868469090127,13,-1.66725975918675,"WT"
"R1","Zfp36l1","Otx2","D0","25",0.0210012859139048,"+",0.0210012859139048,0.0227825714919994,-0.00178128557809457,-8,-5.57337852260639,"WT"
"R1","Zfp36l1","Otx2","D0","26",0.0227825714919994,"-",0.0210012859139048,0.0227825714919994,-0.00178128557809457,-8,-5.45592559508259,"KD"
"R1","Zfp36l1","Otx2","D2","29",0.21826659808153,"+",0.21826659808153,0.198366454349713,0.0199001437318174,9,-2.19583672712931,"WT"
"R1","Zfp36l1","Otx2","D2","30",0.198366454349713,"-",0.21826659808153,0.198366454349713,0.0199001437318174,9,-2.33376002196099,"KD"
"R1","Zfp36l1","Otx2","D4","34",0.156441000294858,"-",0.124777988751159,0.156441000294858,-0.031663011543699,-25,-2.6763094289799,"KD"
"R1","Zfp36l1","Otx2","D4","33",0.124777988751159,"+",0.124777988751159,0.156441000294858,-0.031663011543699,-25,-3.00256463440732,"WT"
"R1","Zfp36l1","Setdb1","D0","25",0.106910176847952,"+",0.106910176847952,0.0950686776937584,0.0118414991541938,11,-3.22552890423072,"WT"
"R1","Zfp36l1","Setdb1","D0","26",0.0950686776937584,"-",0.106910176847952,0.0950686776937584,0.0118414991541938,11,-3.39488609557855,"KD"
"R1","Zfp36l1","Setdb1","D2","30",0.153592427863255,"-",0.176625670955548,0.153592427863255,0.0230332430922935,13,-2.7028210022229,"KD"
"R1","Zfp36l1","Setdb1","D2","29",0.176625670955548,"+",0.176625670955548,0.153592427863255,0.0230332430922935,13,-2.50123305388991,"WT"
"R1","Zfp36l1","Setdb1","D4","33",0.155118442639802,"+",0.155118442639802,0.202315628446596,-0.0471971858067932,-30,-2.68855787064611,"WT"
"R1","Zfp36l1","Setdb1","D4","34",0.202315628446596,"-",0.155118442639802,0.202315628446596,-0.0471971858067932,-30,-2.30532032560154,"KD"
"R1","Zfp36l1","Tsix","D0","26",0.00725104268853912,"-",0.00604687509615005,0.00725104268853912,-0.00120416759238907,-20,-7.10759581733828,"KD"
"R1","Zfp36l1","Tsix","D0","25",0.00604687509615005,"+",0.00604687509615005,0.00725104268853912,-0.00120416759238907,-20,-7.3695945055777,"WT"
"R1","Zfp36l1","Tsix","D2","30",0.00693779984233815,"-",0.00642590492197395,0.00693779984233815,-0.000511894920364205,-8,-7.17130606563358,"KD"
"R1","Zfp36l1","Tsix","D2","29",0.00642590492197395,"+",0.00642590492197395,0.00693779984233815,-0.000511894920364205,-8,-7.28188464988629,"WT"
"R1","Zfp36l1","Tsix","D4","33",0.00381686592295128,"+",0.00381686592295128,0.00515852346802523,-0.00134165754507395,-35,-8.03339577552298,"WT"
"R1","Zfp36l1","Tsix","D4","34",0.00515852346802523,"-",0.00381686592295128,0.00515852346802523,-0.00134165754507395,-35,-7.59882610470963,"KD"
"R1","Zfp36l1","Xist","D0","25",0.000772785881308567,"+",0.000772785881308567,0.000934040908553196,-0.000161255027244628,-21,-10.3376436429743,"WT"
"R1","Zfp36l1","Xist","D0","26",0.000934040908553196,"-",0.000772785881308567,0.000934040908553196,-0.000161255027244628,-21,-10.0642266419546,"KD"
"R1","Zfp36l1","Xist","D2","30",0.405220055531044,"-",0.373840392287218,0.405220055531044,-0.0313796632438255,-8,-1.30322251576521,"KD"
"R1","Zfp36l1","Xist","D2","29",0.373840392287218,"+",0.373840392287218,0.405220055531044,-0.0313796632438255,-8,-1.41950563868766,"WT"
"R1","Zfp36l1","Xist","D4","33",0.232380178469723,"+",0.232380178469723,0.42388573347496,-0.191505555005237,-82,-2.10544107968625,"WT"
"R1","Zfp36l1","Xist","D4","34",0.42388573347496,"-",0.232380178469723,0.42388573347496,-0.191505555005237,-82,-1.23825268379345,"KD"
"R1","Zfp36l1","Zfp280c","D0","26",0.055680142715315,"-",0.0626060181974444,0.055680142715315,0.00692587548212949,11,-4.16669328077175,"KD"
"R1","Zfp36l1","Zfp280c","D0","25",0.0626060181974444,"+",0.0626060181974444,0.055680142715315,0.00692587548212949,11,-3.99755484242063,"WT"
"R1","Zfp36l1","Zfp280c","D2","30",0.0600014127954312,"-",0.0556507310966643,0.0600014127954312,-0.00435068169876687,-8,-4.05885971890413,"KD"
"R1","Zfp36l1","Zfp280c","D2","29",0.0556507310966643,"+",0.0556507310966643,0.0600014127954312,-0.00435068169876687,-8,-4.16745554906097,"WT"
"R1","Zfp36l1","Zfp280c","D4","33",0.0876929768925298,"+",0.0876929768925298,0.111942141685667,-0.0242491647931376,-28,-3.51139488425454,"WT"
"R1","Zfp36l1","Zfp280c","D4","34",0.111942141685667,"-",0.0876929768925298,0.111942141685667,-0.0242491647931376,-28,-3.15917484002459,"KD"
"R1","Zfp36l1","Zfp36l1","D0","25",0.0535121615902415,"+",0.0535121615902415,0.00634194010210022,0.0471702214881412,88,-4.22398938289608,"WT"
"R1","Zfp36l1","Zfp36l1","D0","26",0.00634194010210022,"-",0.0535121615902415,0.00634194010210022,0.0471702214881412,88,-7.30086003301836,"KD"
"R1","Zfp36l1","Zfp36l1","D2","29",0.0768865648507621,"+",0.0768865648507621,0.00545684892650327,0.0714297159242588,93,-3.70112466592516,"WT"
"R1","Zfp36l1","Zfp36l1","D2","30",0.00545684892650327,"-",0.0768865648507621,0.00545684892650327,0.0714297159242588,93,-7.51771618157853,"KD"
"R1","Zfp36l1","Zfp36l1","D4","33",0.0686779858704337,"+",0.0686779858704337,0.0126822264584488,0.0559957594119849,82,-3.86400845994757,"WT"
"R1","Zfp36l1","Zfp36l1","D4","34",0.0126822264584488,"-",0.0686779858704337,0.0126822264584488,0.0559957594119849,82,-6.30104814630117,"KD"
"R2","Setdb1","Dnmt3b","D0","42",0.340087216015406,"-",0.17801694209158,0.340087216015406,-0.162070273923826,-91,-1.55602331917921,"KD"
"R2","Setdb1","Dnmt3b","D0","41",0.17801694209158,"+",0.17801694209158,0.340087216015406,-0.162070273923826,-91,-2.48991354409812,"WT"
"R2","Setdb1","Dnmt3b","D2","46",3.27802613270336,"-",7.76727078200598,3.27802613270336,4.48924464930262,58,1.71282735577089,"KD"
"R2","Setdb1","Dnmt3b","D2","45",7.76727078200598,"+",7.76727078200598,3.27802613270336,4.48924464930262,58,2.95740776196119,"WT"
"R2","Setdb1","Esrrb","D0","41",NA,"+",NA,NA,NA,NA,NA,"WT"
"R2","Setdb1","Esrrb","D0","42",NA,"-",NA,NA,NA,NA,NA,"KD"
"R2","Setdb1","Esrrb","D2","45",NA,"+",NA,NA,NA,NA,NA,"WT"
"R2","Setdb1","Esrrb","D2","46",NA,"-",NA,NA,NA,NA,NA,"KD"
"R2","Setdb1","Fgf5","D0","41",0.000356741949361736,"+",0.000356741949361736,0.000929512328003399,-0.000572770378641662,-161,-11.4528315069527,"WT"
"R2","Setdb1","Fgf5","D0","42",0.000929512328003399,"-",0.000356741949361736,0.000929512328003399,-0.000572770378641662,-161,-10.0712383799976,"KD"
"R2","Setdb1","Fgf5","D2","46",0.0226900039427166,"-",0.110301084730798,0.0226900039427166,0.0876110807880816,79,-5.4617993300753,"KD"
"R2","Setdb1","Fgf5","D2","45",0.110301084730798,"+",0.110301084730798,0.0226900039427166,0.0876110807880816,79,-3.18048111603379,"WT"
"R2","Setdb1","Nanog","D0","42",NA,"-",NA,NA,NA,NA,NA,"KD"
"R2","Setdb1","Nanog","D0","41",NA,"+",NA,NA,NA,NA,NA,"WT"
"R2","Setdb1","Nanog","D2","46",NA,"-",NA,NA,NA,NA,NA,"KD"
"R2","Setdb1","Nanog","D2","45",NA,"+",NA,NA,NA,NA,NA,"WT"
"R2","Setdb1","Otx2","D0","41",0.0303826952048141,"+",0.0303826952048141,0.052780053049018,-0.0223973578442039,-74,-5.04060633487386,"WT"
"R2","Setdb1","Otx2","D0","42",0.052780053049018,"-",0.0303826952048141,0.052780053049018,-0.0223973578442039,-74,-4.24386338906286,"KD"
"R2","Setdb1","Otx2","D2","45",0.232694092260008,"+",0.232694092260008,0.0874932765433021,0.145200815716706,62,-2.10349351145559,"WT"
"R2","Setdb1","Otx2","D2","46",0.0874932765433021,"-",0.232694092260008,0.0874932765433021,0.145200815716706,62,-3.51468403306201,"KD"
"R2","Setdb1","Setdb1","D0","41",0.0904216385659355,"+",0.0904216385659355,0.0620471845918354,0.0283744539741001,31,-3.46718812823893,"WT"
"R2","Setdb1","Setdb1","D0","42",0.0620471845918354,"-",0.0904216385659355,0.0620471845918354,0.0283744539741001,31,-4.01049044062051,"KD"
"R2","Setdb1","Setdb1","D2","46",0.0354215900890111,"-",0.21997769208847,0.0354215900890111,0.184556101999458,84,-4.81922721308748,"KD"
"R2","Setdb1","Setdb1","D2","45",0.21997769208847,"+",0.21997769208847,0.0354215900890111,0.184556101999458,84,-2.18457086725173,"WT"
"R2","Setdb1","Tsix","D0","41",0.0056051156324544,"+",0.0056051156324544,0.00450538366875126,0.00109973196370313,20,-7.47904014880395,"WT"
"R2","Setdb1","Tsix","D0","42",0.00450538366875126,"-",0.0056051156324544,0.00450538366875126,0.00109973196370313,20,-7.79413431659531,"KD"
"R2","Setdb1","Tsix","D2","46",0.00609046303855998,"-",0.0144546379593404,0.00609046303855998,0.00836417492078037,58,-7.35923236883923,"KD"
"R2","Setdb1","Tsix","D2","45",0.0144546379593404,"+",0.0144546379593404,0.00609046303855998,0.00836417492078037,58,-6.11232371522509,"WT"
"R2","Setdb1","Xist","D0","41",0.000492629164618903,"+",0.000492629164618903,0.000996048201494965,-0.000503419036876062,-102,-10.9872103387902,"WT"
"R2","Setdb1","Xist","D0","42",0.000996048201494965,"-",0.000492629164618903,0.000996048201494965,-0.000503419036876062,-102,-9.9714968196104,"KD"
"R2","Setdb1","Xist","D2","46",0.472091178139536,"-",0.615550306131894,0.472091178139536,0.143459127992358,23,-1.08286257100764,"KD"
"R2","Setdb1","Xist","D2","45",0.615550306131894,"+",0.615550306131894,0.472091178139536,0.143459127992358,23,-0.70005132844366,"WT"
"R2","Setdb1","Zfp280c","D0","41",0.0565629781275784,"+",0.0565629781275784,0.0857712046712034,-0.029208226543625,-52,-4.14399810752032,"WT"
"R2","Setdb1","Zfp280c","D0","42",0.0857712046712034,"-",0.0565629781275784,0.0857712046712034,-0.029208226543625,-52,-3.54336280604426,"KD"
"R2","Setdb1","Zfp280c","D2","46",0.0550310666557605,"-",0.0688590840880792,0.0550310666557605,0.0138280174323187,20,-4.18360989737744,"KD"
"R2","Setdb1","Zfp280c","D2","45",0.0688590840880792,"+",0.0688590840880792,0.0550310666557605,0.0138280174323187,20,-3.86020919838728,"WT"
"R2","Setdb1","Zfp36l1","D0","42",0.0787604332817065,"-",0.044226970171833,0.0787604332817065,-0.0345334631098734,-78,-3.66638514187134,"KD"
"R2","Setdb1","Zfp36l1","D0","41",0.044226970171833,"+",0.044226970171833,0.0787604332817065,-0.0345334631098734,-78,-4.49892977792008,"WT"
"R2","Setdb1","Zfp36l1","D2","46",0.110905082025529,"-",0.178039222142242,0.110905082025529,0.0671341401167131,38,-3.17260261897257,"KD"
"R2","Setdb1","Zfp36l1","D2","45",0.178039222142242,"+",0.178039222142242,0.110905082025529,0.0671341401167131,38,-2.48973299214103,"WT"
"R2","Zfp280c","Dnmt3b","D0","1",0.107724661289262,"+",0.107724661289262,0.26557870117445,-0.157854039885188,-147,-3.21457953259196,"WT"
"R2","Zfp280c","Dnmt3b","D0","2",0.26557870117445,"-",0.107724661289262,0.26557870117445,-0.157854039885188,-147,-1.91278864452072,"KD"
"R2","Zfp280c","Dnmt3b","D2","6",2.87277560464048,"-",6.04705870234571,2.87277560464048,3.17428309770523,52,1.52244530692695,"KD"
"R2","Zfp280c","Dnmt3b","D2","5",6.04705870234571,"+",6.04705870234571,2.87277560464048,3.17428309770523,52,2.59623358414441,"WT"
"R2","Zfp280c","Dnmt3b","D4","10",1.08256019446669,"-",1.15274920458558,1.08256019446669,0.0701890101188882,6,0.114447246517038,"KD"
"R2","Zfp280c","Dnmt3b","D4","9",1.15274920458558,"+",1.15274920458558,1.08256019446669,0.0701890101188882,6,0.205078670268737,"WT"
"R2","Zfp280c","Esrrb","D0","2",0.38706643512923,"-",0.323353433081708,0.38706643512923,-0.0637130020475221,-20,-1.3693468866426,"KD"
"R2","Zfp280c","Esrrb","D0","1",0.323353433081708,"+",0.323353433081708,0.38706643512923,-0.0637130020475221,-20,-1.62881616715609,"WT"
"R2","Zfp280c","Esrrb","D2","5",0.0247714831409803,"+",0.0247714831409803,0.00696439495345942,0.0178070881875208,72,-5.33517594024252,"WT"
"R2","Zfp280c","Esrrb","D2","6",0.00696439495345942,"-",0.0247714831409803,0.00696439495345942,0.0178070881875208,72,-7.16578626357424,"KD"
"R2","Zfp280c","Esrrb","D4","10",0.0100202900284119,"-",0.017374554015876,0.0100202900284119,0.00735426398746415,42,-6.64093192310827,"KD"
"R2","Zfp280c","Esrrb","D4","9",0.017374554015876,"+",0.017374554015876,0.0100202900284119,0.00735426398746415,42,-5.84688024372804,"WT"
"R2","Zfp280c","Fgf5","D0","1",0.000291578157846365,"+",0.000291578157846365,0.000421962141753156,-0.000130383983906792,-45,-11.7438297282898,"WT"
"R2","Zfp280c","Fgf5","D0","2",0.000421962141753156,"-",0.000291578157846365,0.000421962141753156,-0.000130383983906792,-45,-11.210598812738,"KD"
"R2","Zfp280c","Fgf5","D2","6",0.10038309905021,"-",0.095728839125051,0.10038309905021,-0.00465425992515912,-5,-3.31641170377539,"KD"
"R2","Zfp280c","Fgf5","D2","5",0.095728839125051,"+",0.095728839125051,0.10038309905021,-0.00465425992515912,-5,-3.38490257546075,"WT"
"R2","Zfp280c","Fgf5","D4","9",0.120404350106793,"+",0.120404350106793,0.397427034121083,-0.27702268401429,-230,-3.054040578503,"WT"
"R2","Zfp280c","Fgf5","D4","10",0.397427034121083,"-",0.120404350106793,0.397427034121083,-0.27702268401429,-230,-1.33123808272787,"KD"
"R2","Zfp280c","Nanog","D0","1",0.988032611930092,"+",0.988032611930092,0.866299630845739,0.121732981084353,12,-0.0173694333473123,"WT"
"R2","Zfp280c","Nanog","D0","2",0.866299630845739,"-",0.988032611930092,0.866299630845739,0.121732981084353,12,-0.207061992371806,"KD"
"R2","Zfp280c","Nanog","D2","6",0.0530491922251643,"-",0.0378550896677525,0.0530491922251643,-0.0151941025574118,-40,-4.23652540624302,"KD"
"R2","Zfp280c","Nanog","D2","5",0.0378550896677525,"+",0.0378550896677525,0.0530491922251643,-0.0151941025574118,-40,-4.72336890423276,"WT"
"R2","Zfp280c","Nanog","D4","9",0.411375923716162,"+",0.411375923716162,0.341229194540808,0.0701467291753543,17,-1.28147073406225,"WT"
"R2","Zfp280c","Nanog","D4","10",0.341229194540808,"-",0.411375923716162,0.341229194540808,0.0701467291753543,17,-1.55118701031377,"KD"
"R2","Zfp280c","Otx2","D0","2",0.0406645972201872,"-",0.0170001210156549,0.0406645972201872,-0.0236644762045323,-139,-4.62008286559432,"KD"
"R2","Zfp280c","Otx2","D0","1",0.0170001210156549,"+",0.0170001210156549,0.0406645972201872,-0.0236644762045323,-139,-5.87831117352564,"WT"
"R2","Zfp280c","Otx2","D2","5",0.285933180372015,"+",0.285933180372015,0.2370356981871,0.0488974821849147,17,-1.80625005141144,"WT"
"R2","Zfp280c","Otx2","D2","6",0.2370356981871,"-",0.285933180372015,0.2370356981871,0.0488974821849147,17,-2.07682374580954,"KD"
"R2","Zfp280c","Otx2","D4","10",0.0702263633262187,"-",0.126030132232968,0.0702263633262187,0.0558037689067491,44,-3.83184346266395,"KD"
"R2","Zfp280c","Otx2","D4","9",0.126030132232968,"+",0.126030132232968,0.0702263633262187,0.0558037689067491,44,-2.98815938952806,"WT"
"R2","Zfp280c","Setdb1","D0","1",0.0602807626469139,"+",0.0602807626469139,0.0934011142981339,-0.0331203516512201,-55,-4.05215852035126,"WT"
"R2","Zfp280c","Setdb1","D0","2",0.0934011142981339,"-",0.0602807626469139,0.0934011142981339,-0.0331203516512201,-55,-3.42041642803248,"KD"
"R2","Zfp280c","Setdb1","D2","6",0.13440853694046,"-",0.214587610952326,0.13440853694046,0.0801790740118652,37,-2.89530332127569,"KD"
"R2","Zfp280c","Setdb1","D2","5",0.214587610952326,"+",0.214587610952326,0.13440853694046,0.0801790740118652,37,-2.220361309257,"WT"
"R2","Zfp280c","Setdb1","D4","10",0.213715273960459,"-",0.20500819264598,0.213715273960459,-0.00870708131447845,-4,-2.22623807561421,"KD"
"R2","Zfp280c","Setdb1","D4","9",0.20500819264598,"+",0.20500819264598,0.213715273960459,-0.00870708131447845,-4,-2.28624653026124,"WT"
"R2","Zfp280c","Tsix","D0","1",0.00454922998747758,"+",0.00454922998747758,0.00549041425527978,-0.000941184267802203,-21,-7.78016191237456,"WT"
"R2","Zfp280c","Tsix","D0","2",0.00549041425527978,"-",0.00454922998747758,0.00549041425527978,-0.000941184267802203,-21,-7.50886927905804,"KD"
"R2","Zfp280c","Tsix","D2","6",0.00418650486255066,"-",0.0125386350451194,0.00418650486255066,0.00835213018256874,67,-7.90003798387144,"KD"
"R2","Zfp280c","Tsix","D2","5",0.0125386350451194,"+",0.0125386350451194,0.00418650486255066,0.00835213018256874,67,-6.31747588476217,"WT"
"R2","Zfp280c","Tsix","D4","9",0.0184393807820345,"+",0.0184393807820345,0.00733064063125217,0.0111087401507823,60,-5.76106598073674,"WT"
"R2","Zfp280c","Tsix","D4","10",0.00733064063125217,"-",0.0184393807820345,0.00733064063125217,0.0111087401507823,60,-7.09184500238151,"KD"
"R2","Zfp280c","Xist","D0","1",0.00053868443946043,"+",0.00053868443946043,0.000872989199776265,-0.000334304760315834,-62,-10.8582719877296,"WT"
"R2","Zfp280c","Xist","D0","2",0.000872989199776265,"-",0.00053868443946043,0.000872989199776265,-0.000334304760315834,-62,-10.1617485739486,"KD"
"R2","Zfp280c","Xist","D2","6",0.480623872321015,"-",0.574761001029758,0.480623872321015,0.0941371287087433,16,-1.05701978677787,"KD"
"R2","Zfp280c","Xist","D2","5",0.574761001029758,"+",0.574761001029758,0.480623872321015,0.0941371287087433,16,-0.798965920235013,"WT"
"R2","Zfp280c","Xist","D4","9",0.437903488958101,"+",0.437903488958101,0.397854438986809,0.0400490499712918,9,-1.19131515050329,"WT"
"R2","Zfp280c","Xist","D4","10",0.397854438986809,"-",0.437903488958101,0.397854438986809,0.0400490499712918,9,-1.32968739920147,"KD"
"R2","Zfp280c","Zfp280c","D0","1",0.0380730647078838,"+",0.0380730647078838,0.00202390477491685,0.036049159932967,95,-4.71508548483625,"WT"
"R2","Zfp280c","Zfp280c","D0","2",0.00202390477491685,"-",0.0380730647078838,0.00202390477491685,0.036049159932967,95,-8.94864287209383,"KD"
"R2","Zfp280c","Zfp280c","D2","6",0.00148949066229323,"-",0.0297491596191432,0.00148949066229323,0.0282596689568499,95,-9.3909652053885,"KD"
"R2","Zfp280c","Zfp280c","D2","5",0.0297491596191432,"+",0.0297491596191432,0.00148949066229323,0.0282596689568499,95,-5.07100727531781,"WT"
"R2","Zfp280c","Zfp280c","D4","10",0.00217298481616497,"-",0.121427235174079,0.00217298481616497,0.119254250357914,98,-8.84610619100807,"KD"
"R2","Zfp280c","Zfp280c","D4","9",0.121427235174079,"+",0.121427235174079,0.00217298481616497,0.119254250357914,98,-3.04183605184564,"WT"
"R2","Zfp280c","Zfp36l1","D0","1",0.0447333676751238,"+",0.0447333676751238,0.0518115633892295,-0.00707819571410567,-16,-4.48250481651353,"WT"
"R2","Zfp280c","Zfp36l1","D0","2",0.0518115633892295,"-",0.0447333676751238,0.0518115633892295,-0.00707819571410567,-16,-4.27058207289473,"KD"
"R2","Zfp280c","Zfp36l1","D2","6",0.0960159909190845,"-",0.164948796788218,0.0960159909190845,0.0689328058691335,42,-3.38058149124858,"KD"
"R2","Zfp280c","Zfp36l1","D2","5",0.164948796788218,"+",0.164948796788218,0.0960159909190845,0.0689328058691335,42,-2.599909840622,"WT"
"R2","Zfp280c","Zfp36l1","D4","10",0.215509020213012,"-",0.180203578150334,0.215509020213012,-0.0353054420626781,-20,-2.21417983975287,"KD"
"R2","Zfp280c","Zfp36l1","D4","9",0.180203578150334,"+",0.180203578150334,0.215509020213012,-0.0353054420626781,-20,-2.47230043707392,"WT"
"R2","Zfp36l1","Dnmt3b","D0","3",0.380846680652771,"+",0.380846680652771,0.264401411844814,0.116445268807957,31,-1.39271777323003,"WT"
"R2","Zfp36l1","Dnmt3b","D0","4",0.264401411844814,"-",0.380846680652771,0.264401411844814,0.116445268807957,31,-1.9191982143501,"KD"
"R2","Zfp36l1","Dnmt3b","D2","8",2.82177836751745,"-",6.09352799365379,2.82177836751745,3.27174962613634,54,1.49660467799888,"KD"
"R2","Zfp36l1","Dnmt3b","D2","7",6.09352799365379,"+",6.09352799365379,2.82177836751745,3.27174962613634,54,2.60727775279959,"WT"
"R2","Zfp36l1","Dnmt3b","D4","11",1.37811224208816,"+",1.37811224208816,3.25874238081482,-1.88063013872666,-136,0.462693394943109,"WT"
"R2","Zfp36l1","Dnmt3b","D4","12",3.25874238081482,"-",1.37811224208816,3.25874238081482,-1.88063013872666,-136,1.70431530463508,"KD"
"R2","Zfp36l1","Esrrb","D0","4",0.43772418407138,"-",0.880374036673546,0.43772418407138,0.442649852602165,50,-1.19190600043292,"KD"
"R2","Zfp36l1","Esrrb","D0","3",0.880374036673546,"+",0.880374036673546,0.43772418407138,0.442649852602165,50,-0.183811495903512,"WT"
"R2","Zfp36l1","Esrrb","D2","8",0.0110543924744253,"-",0.0167894063795772,0.0110543924744253,0.00573501390515188,34,-6.49923644985062,"KD"
"R2","Zfp36l1","Esrrb","D2","7",0.0167894063795772,"+",0.0167894063795772,0.0110543924744253,0.00573501390515188,34,-5.8963049677416,"WT"
"R2","Zfp36l1","Esrrb","D4","11",0.0155268003731372,"+",0.0155268003731372,0.00628881360513682,0.00923798676800041,59,-6.00909562736414,"WT"
"R2","Zfp36l1","Esrrb","D4","12",0.00628881360513682,"-",0.0155268003731372,0.00628881360513682,0.00923798676800041,59,-7.31299640864244,"KD"
"R2","Zfp36l1","Fgf5","D0","3",0.000679054921722032,"+",0.000679054921722032,0.000599839070479125,7.92158512429065e-05,12,-10.5241841156955,"WT"
"R2","Zfp36l1","Fgf5","D0","4",0.000599839070479125,"-",0.000679054921722032,0.000599839070479125,7.92158512429065e-05,12,-10.703136884434,"KD"
"R2","Zfp36l1","Fgf5","D2","7",0.0831743145871935,"+",0.0831743145871935,0.0782630753859421,0.00491123920125144,6,-3.58771811740396,"WT"
"R2","Zfp36l1","Fgf5","D2","8",0.0782630753859421,"-",0.0831743145871935,0.0782630753859421,0.00491123920125144,6,-3.67552438701273,"KD"
"R2","Zfp36l1","Fgf5","D4","11",0.369790349031292,"+",0.369790349031292,0.326128705984653,0.0436616430466384,12,-1.43522052181206,"WT"
"R2","Zfp36l1","Fgf5","D4","12",0.326128705984653,"-",0.369790349031292,0.326128705984653,0.0436616430466384,12,-1.61648666159304,"KD"
"R2","Zfp36l1","Nanog","D0","3",1.38522408597967,"+",1.38522408597967,1.10107379427277,0.284150291706898,21,0.470119378138193,"WT"
"R2","Zfp36l1","Nanog","D0","4",1.10107379427277,"-",1.38522408597967,1.10107379427277,0.284150291706898,21,0.138911161966512,"KD"
"R2","Zfp36l1","Nanog","D2","7",0.02568746280226,"+",0.02568746280226,0.0319605244528318,-0.00627306165057179,-24,-5.28279179013014,"WT"
"R2","Zfp36l1","Nanog","D2","8",0.0319605244528318,"-",0.02568746280226,0.0319605244528318,-0.00627306165057179,-24,-4.96756510756354,"KD"
"R2","Zfp36l1","Nanog","D4","11",0.395361264719389,"+",0.395361264719389,0.224397160350423,0.170964104368966,43,-1.3387565640699,"WT"
"R2","Zfp36l1","Nanog","D4","12",0.224397160350423,"-",0.395361264719389,0.224397160350423,0.170964104368966,43,-2.15587367551055,"KD"
"R2","Zfp36l1","Otx2","D0","4",0.0403559088147328,"-",0.0240777607686942,0.0403559088147328,-0.0162781480460386,-68,-4.63107626488121,"KD"
"R2","Zfp36l1","Otx2","D0","3",0.0240777607686942,"+",0.0240777607686942,0.0403559088147328,-0.0162781480460386,-68,-5.37615496205066,"WT"
"R2","Zfp36l1","Otx2","D2","7",0.234268714426173,"+",0.234268714426173,0.21974589240948,0.014522822016693,6,-2.09376379350708,"WT"
"R2","Zfp36l1","Otx2","D2","8",0.21974589240948,"-",0.234268714426173,0.21974589240948,0.014522822016693,6,-2.18609189678084,"KD"
"R2","Zfp36l1","Otx2","D4","11",0.131834535075381,"+",0.131834535075381,0.245887165298738,-0.114052630223358,-87,-2.92319974991634,"WT"
"R2","Zfp36l1","Otx2","D4","12",0.245887165298738,"-",0.131834535075381,0.245887165298738,-0.114052630223358,-87,-2.02393166309738,"KD"
"R2","Zfp36l1","Setdb1","D0","3",0.124705840141954,"+",0.124705840141954,0.0980361268766383,0.0266697132653155,21,-3.00339906479162,"WT"
"R2","Zfp36l1","Setdb1","D0","4",0.0980361268766383,"-",0.124705840141954,0.0980361268766383,0.0266697132653155,21,-3.35054270114568,"KD"
"R2","Zfp36l1","Setdb1","D2","7",0.181272400218847,"+",0.181272400218847,0.135868156360088,0.0454042438587588,25,-2.46376881182687,"WT"
"R2","Zfp36l1","Setdb1","D2","8",0.135868156360088,"-",0.181272400218847,0.135868156360088,0.0454042438587588,25,-2.87972072593848,"KD"
"R2","Zfp36l1","Setdb1","D4","11",0.202556797316928,"+",0.202556797316928,0.191638008956657,0.0109187883602712,5,-2.30360159568932,"WT"
"R2","Zfp36l1","Setdb1","D4","12",0.191638008956657,"-",0.202556797316928,0.191638008956657,0.0109187883602712,5,-2.38354436525913,"KD"
"R2","Zfp36l1","Tsix","D0","3",0.00922449411615473,"+",0.00922449411615473,0.00621976690765887,0.00300472720849585,33,-6.7603144906844,"WT"
"R2","Zfp36l1","Tsix","D0","4",0.00621976690765887,"-",0.00922449411615473,0.00621976690765887,0.00300472720849585,33,-7.32892376981518,"KD"
"R2","Zfp36l1","Tsix","D2","7",0.013352662781635,"+",0.013352662781635,0.00768335436579232,0.00566930841584266,42,-6.22672871761537,"WT"
"R2","Zfp36l1","Tsix","D2","8",0.00768335436579232,"-",0.013352662781635,0.00768335436579232,0.00566930841584266,42,-7.02404799059406,"KD"
"R2","Zfp36l1","Tsix","D4","12",0.00990785580180389,"-",0.0130756529351801,0.00990785580180389,0.00316779713337625,24,-6.6572114128013,"KD"
"R2","Zfp36l1","Tsix","D4","11",0.0130756529351801,"+",0.0130756529351801,0.00990785580180389,0.00316779713337625,24,-6.25697320025647,"WT"
"R2","Zfp36l1","Xist","D0","3",0.00113987127103708,"+",0.00113987127103708,0.000849221960192948,0.000290649310844134,25,-9.77691337880083,"WT"
"R2","Zfp36l1","Xist","D0","4",0.000849221960192948,"-",0.00113987127103708,0.000849221960192948,0.000290649310844134,25,-10.201570700897,"KD"
"R2","Zfp36l1","Xist","D2","8",0.346609842432287,"-",0.803471502460008,0.346609842432287,0.456861660027721,57,-1.52861547262632,"KD"
"R2","Zfp36l1","Xist","D2","7",0.803471502460008,"+",0.803471502460008,0.346609842432287,0.456861660027721,57,-0.315681239610164,"WT"
"R2","Zfp36l1","Xist","D4","11",0.476037740942205,"+",0.476037740942205,0.69901305261349,-0.222975311671285,-47,-1.07085213792617,"WT"
"R2","Zfp36l1","Xist","D4","12",0.69901305261349,"-",0.476037740942205,0.69901305261349,-0.222975311671285,-47,-0.516608699708773,"KD"
"R2","Zfp36l1","Zfp280c","D0","3",0.0812743516402137,"+",0.0812743516402137,0.0686010231706555,0.0126733284695582,16,-3.62105604780009,"WT"
"R2","Zfp36l1","Zfp280c","D0","4",0.0686010231706555,"-",0.0812743516402137,0.0686010231706555,0.0126733284695582,16,-3.86562609570575,"KD"
"R2","Zfp36l1","Zfp280c","D2","7",0.0731454316890417,"+",0.0731454316890417,0.0749108293374232,-0.00176539764838148,-2,-3.77308842637298,"WT"
"R2","Zfp36l1","Zfp280c","D2","8",0.0749108293374232,"-",0.0731454316890417,0.0749108293374232,-0.00176539764838148,-2,-3.73868189562933,"KD"
"R2","Zfp36l1","Zfp280c","D4","12",0.162754013097617,"-",0.151899190108925,0.162754013097617,-0.0108548229886922,-7,-2.61923497788876,"KD"
"R2","Zfp36l1","Zfp280c","D4","11",0.151899190108925,"+",0.151899190108925,0.162754013097617,-0.0108548229886922,-7,-2.71881391714053,"WT"
"R2","Zfp36l1","Zfp36l1","D0","3",0.0933448436786074,"+",0.0933448436786074,0.0120287610244047,0.0813160826542028,87,-3.42128585885792,"WT"
"R2","Zfp36l1","Zfp36l1","D0","4",0.0120287610244047,"-",0.0933448436786074,0.0120287610244047,0.0813160826542028,87,-6.37736813878188,"KD"
"R2","Zfp36l1","Zfp36l1","D2","8",0.00853234860571348,"-",0.146847518667075,0.00853234860571348,0.138315170061361,94,-6.87284137366483,"KD"
"R2","Zfp36l1","Zfp36l1","D2","7",0.146847518667075,"+",0.146847518667075,0.00853234860571348,0.138315170061361,94,-2.76760920673192,"WT"
"R2","Zfp36l1","Zfp36l1","D4","11",0.163995594402104,"+",0.163995594402104,0.0191046943560373,0.144890900046067,88,-2.60827103626113,"WT"
"R2","Zfp36l1","Zfp36l1","D4","12",0.0191046943560373,"-",0.163995594402104,0.0191046943560373,0.144890900046067,88,-5.70992901266326,"KD"
"R3","Setdb1","Dnmt3b","D0","44",0.398364148816919,"-",0.340081732997774,0.398364148816919,-0.0582824158191453,-17,-1.32784027843361,"KD"
"R3","Setdb1","Dnmt3b","D0","43",0.340081732997774,"+",0.340081732997774,0.398364148816919,-0.0582824158191453,-17,-1.55604657905415,"WT"
"R3","Setdb1","Dnmt3b","D2","48",3.61968820355632,"-",7.12788079060033,3.61968820355632,3.50819258704401,49,1.85586543030396,"KD"
"R3","Setdb1","Dnmt3b","D2","47",7.12788079060033,"+",7.12788079060033,3.61968820355632,3.50819258704401,49,2.83347320887893,"WT"
"R3","Setdb1","Esrrb","D0","44",NA,"-",NA,NA,NA,NA,NA,"KD"
"R3","Setdb1","Esrrb","D0","43",NA,"+",NA,NA,NA,NA,NA,"WT"
"R3","Setdb1","Esrrb","D2","48",NA,"-",NA,NA,NA,NA,NA,"KD"
"R3","Setdb1","Esrrb","D2","47",NA,"+",NA,NA,NA,NA,NA,"WT"
"R3","Setdb1","Fgf5","D0","43",0.000582851864042345,"+",0.000582851864042345,0.00173464169300969,-0.00115178982896735,-198,-10.7445831207682,"WT"
"R3","Setdb1","Fgf5","D0","44",0.00173464169300969,"-",0.000582851864042345,0.00173464169300969,-0.00115178982896735,-198,-9.17114659367559,"KD"
"R3","Setdb1","Fgf5","D2","47",0.10178114453597,"+",0.10178114453597,0.0537781045375323,0.0480030399984374,47,-3.29645777516345,"WT"
"R3","Setdb1","Fgf5","D2","48",0.0537781045375323,"-",0.10178114453597,0.0537781045375323,0.0480030399984374,47,-4.21683728288103,"KD"
"R3","Setdb1","Nanog","D0","43",NA,"+",NA,NA,NA,NA,NA,"WT"
"R3","Setdb1","Nanog","D0","44",NA,"-",NA,NA,NA,NA,NA,"KD"
"R3","Setdb1","Nanog","D2","47",NA,"+",NA,NA,NA,NA,NA,"WT"
"R3","Setdb1","Nanog","D2","48",NA,"-",NA,NA,NA,NA,NA,"KD"
"R3","Setdb1","Otx2","D0","43",0.0223100910454375,"+",0.0223100910454375,0.151065884483815,-0.128755793438378,-577,-5.48615978867437,"WT"
"R3","Setdb1","Otx2","D0","44",0.151065884483815,"-",0.0223100910454375,0.151065884483815,-0.128755793438378,-577,-2.72675020435902,"KD"
"R3","Setdb1","Otx2","D2","47",0.218424747566979,"+",0.218424747566979,0.180980617064907,0.0374441305020725,17,-2.19479177173633,"WT"
"R3","Setdb1","Otx2","D2","48",0.180980617064907,"-",0.218424747566979,0.180980617064907,0.0374441305020725,17,-2.46609290123485,"KD"
"R3","Setdb1","Setdb1","D0","43",0.135288253569544,"+",0.135288253569544,0.0632504031842888,0.0720378503852556,53,-2.88589151242907,"WT"
"R3","Setdb1","Setdb1","D0","44",0.0632504031842888,"-",0.135288253569544,0.0632504031842888,0.0720378503852556,53,-3.98278151360224,"KD"
"R3","Setdb1","Setdb1","D2","47",0.196289587530489,"+",0.196289587530489,0.00547506159611201,0.190814525934377,97,-2.34894444993123,"WT"
"R3","Setdb1","Setdb1","D2","48",0.00547506159611201,"-",0.196289587530489,0.00547506159611201,0.190814525934377,97,-7.51290908909796,"KD"
"R3","Setdb1","Tsix","D0","43",0.0097235967694657,"+",0.0097235967694657,0.00941740019506433,0.000306196574401368,3,-6.68429421757621,"WT"
"R3","Setdb1","Tsix","D0","44",0.00941740019506433,"-",0.0097235967694657,0.00941740019506433,0.000306196574401368,3,-6.73045544598756,"KD"
"R3","Setdb1","Tsix","D2","47",0.0146656721476809,"+",0.0146656721476809,0.00927528261542829,0.00539038953225263,37,-6.09141299649068,"WT"
"R3","Setdb1","Tsix","D2","48",0.00927528261542829,"-",0.0146656721476809,0.00927528261542829,0.00539038953225263,37,-6.75239304371947,"KD"
"R3","Setdb1","Xist","D0","44",0.00366553775201507,"-",0.000513776623172392,0.00366553775201507,-0.00315176112884268,-613,-8.09175942047629,"KD"
"R3","Setdb1","Xist","D0","43",0.000513776623172392,"+",0.000513776623172392,0.00366553775201507,-0.00315176112884268,-613,-10.9265711304172,"WT"
"R3","Setdb1","Xist","D2","48",1.00483160023907,"-",0.674610348280531,1.00483160023907,-0.330221251958543,-49,0.00695374035266728,"KD"
"R3","Setdb1","Xist","D2","47",0.674610348280531,"+",0.674610348280531,1.00483160023907,-0.330221251958543,-49,-0.567873645937642,"WT"
"R3","Setdb1","Zfp280c","D0","43",0.0981373820413292,"+",0.0981373820413292,0.0755197810762673,0.0226176009650619,23,-3.34905340386246,"WT"
"R3","Setdb1","Zfp280c","D0","44",0.0755197810762673,"-",0.0981373820413292,0.0755197810762673,0.0226176009650619,23,-3.72700160728685,"KD"
"R3","Setdb1","Zfp280c","D2","47",0.16111471579864,"+",0.16111471579864,0.128841100186273,0.0322736156123674,20,-2.63383982281603,"WT"
"R3","Setdb1","Zfp280c","D2","48",0.128841100186273,"-",0.16111471579864,0.128841100186273,0.0322736156123674,20,-2.95633520969275,"KD"
"R3","Setdb1","Zfp36l1","D0","44",0.166915586943237,"-",0.11669262523211,0.166915586943237,-0.0502229617111277,-43,-2.58280941187213,"KD"
"R3","Setdb1","Zfp36l1","D0","43",0.11669262523211,"+",0.11669262523211,0.166915586943237,-0.0502229617111277,-43,-3.09921470674061,"WT"
"R3","Setdb1","Zfp36l1","D2","48",0.139752526676778,"-",0.150618896951009,0.139752526676778,0.0108663702742319,7,-2.83905372816162,"KD"
"R3","Setdb1","Zfp36l1","D2","47",0.150618896951009,"+",0.150618896951009,0.139752526676778,0.0108663702742319,7,-2.73102531008847,"WT"
"R3","Zfp280c","Dnmt3b","D0","35",0.198037261624198,"+",0.198037261624198,0.160153752701373,0.0378835089228256,19,-2.33615618931581,"WT"
"R3","Zfp280c","Dnmt3b","D0","36",0.160153752701373,"-",0.198037261624198,0.160153752701373,0.0378835089228256,19,-2.64247049134092,"KD"
"R3","Zfp280c","Dnmt3b","D2","14",4.39319514492726,"-",7.45358351427841,4.39319514492726,3.06038836935114,41,2.13527058510467,"KD"
"R3","Zfp280c","Dnmt3b","D2","13",7.45358351427841,"+",7.45358351427841,4.39319514492726,3.06038836935114,41,2.89793420749283,"WT"
"R3","Zfp280c","Dnmt3b","D4","18",0.847944976501752,"-",1.01947056930479,0.847944976501752,0.17152559280304,17,-0.237957444136114,"KD"
"R3","Zfp280c","Dnmt3b","D4","17",1.01947056930479,"+",1.01947056930479,0.847944976501752,0.17152559280304,17,0.0278201273595187,"WT"
"R3","Zfp280c","Esrrb","D0","35",0.304646554622773,"+",0.304646554622773,0.376705953893162,-0.0720593992703887,-24,-1.71479167049061,"WT"
"R3","Zfp280c","Esrrb","D0","36",0.376705953893162,"-",0.304646554622773,0.376705953893162,-0.0720593992703887,-24,-1.40848925941395,"KD"
"R3","Zfp280c","Esrrb","D2","14",0.0110874715363675,"-",0.0201587212340438,0.0110874715363675,0.00907124969767625,45,-6.49492578891414,"KD"
"R3","Zfp280c","Esrrb","D2","13",0.0201587212340438,"+",0.0201587212340438,0.0110874715363675,0.00907124969767625,45,-5.63245206521352,"WT"
"R3","Zfp280c","Esrrb","D4","18",0.00560141844193806,"-",0.016352328690613,0.00560141844193806,0.0107509102486749,66,-7.47999207891566,"KD"
"R3","Zfp280c","Esrrb","D4","17",0.016352328690613,"+",0.016352328690613,0.00560141844193806,0.0107509102486749,66,-5.93436008914784,"WT"
"R3","Zfp280c","Fgf5","D0","35",0.000531968637865849,"+",0.000531968637865849,0.0006945931942363,-0.000162624556370451,-31,-10.8763711851935,"WT"
"R3","Zfp280c","Fgf5","D0","36",0.0006945931942363,"-",0.000531968637865849,0.0006945931942363,-0.000162624556370451,-31,-10.4915441045761,"KD"
"R3","Zfp280c","Fgf5","D2","13",0.111131023770868,"+",0.111131023770868,0.153735519266466,-0.0426044954955973,-38,-3.16966647354818,"WT"
"R3","Zfp280c","Fgf5","D2","14",0.153735519266466,"-",0.111131023770868,0.153735519266466,-0.0426044954955973,-38,-2.70147756909453,"KD"
"R3","Zfp280c","Fgf5","D4","17",0.412285635409651,"+",0.412285635409651,0.23895293142089,0.17333270398876,42,-1.2782838982364,"WT"
"R3","Zfp280c","Fgf5","D4","18",0.23895293142089,"-",0.412285635409651,0.23895293142089,0.17333270398876,42,-2.06520162853571,"KD"
"R3","Zfp280c","Nanog","D0","35",0.689121585441006,"+",0.689121585441006,0.989759584506765,-0.300637999065759,-44,-0.537169547026672,"WT"
"R3","Zfp280c","Nanog","D0","36",0.989759584506765,"-",0.689121585441006,0.989759584506765,-0.300637999065759,-44,-0.0148499619793725,"KD"
"R3","Zfp280c","Nanog","D2","13",0.0244878145721071,"+",0.0244878145721071,0.0694641860663384,-0.0449763714942313,-184,-5.35179216420564,"WT"
"R3","Zfp280c","Nanog","D2","14",0.0694641860663384,"-",0.0244878145721071,0.0694641860663384,-0.0449763714942313,-184,-3.84758683642335,"KD"
"R3","Zfp280c","Nanog","D4","17",0.400980393626295,"+",0.400980393626295,0.225398229720149,0.175582163906147,44,-1.31839639863021,"WT"
"R3","Zfp280c","Nanog","D4","18",0.225398229720149,"-",0.400980393626295,0.225398229720149,0.175582163906147,44,-2.14945191027338,"KD"
"R3","Zfp280c","Otx2","D0","36",0.130284651185068,"-",0.0122025194326425,0.130284651185068,-0.118082131752425,-968,-2.94026096465365,"KD"
"R3","Zfp280c","Otx2","D0","35",0.0122025194326425,"+",0.0122025194326425,0.130284651185068,-0.118082131752425,-968,-6.35667714053404,"WT"
"R3","Zfp280c","Otx2","D2","14",0.248304876828246,"-",0.282173945189884,0.248304876828246,0.0338690683616384,12,-2.00981549786382,"KD"
"R3","Zfp280c","Otx2","D2","13",0.282173945189884,"+",0.282173945189884,0.248304876828246,0.0338690683616384,12,-1.82534331347489,"WT"
"R3","Zfp280c","Otx2","D4","18",0.0382682101832822,"-",0.183104198953306,0.0382682101832822,0.144835988770024,79,-4.70770976250979,"KD"
"R3","Zfp280c","Otx2","D4","17",0.183104198953306,"+",0.183104198953306,0.0382682101832822,0.144835988770024,79,-2.44926321942851,"WT"
"R3","Zfp280c","Setdb1","D0","35",0.0938394208688131,"+",0.0938394208688131,0.104089336247579,-0.0102499153787657,-11,-3.41366207999174,"WT"
"R3","Zfp280c","Setdb1","D0","36",0.104089336247579,"-",0.0938394208688131,0.104089336247579,-0.0102499153787657,-11,-3.2641058200134,"KD"
"R3","Zfp280c","Setdb1","D2","13",0.188479291313671,"+",0.188479291313671,0.17731670396887,0.011162587344801,6,-2.40752207516161,"WT"
"R3","Zfp280c","Setdb1","D2","14",0.17731670396887,"-",0.188479291313671,0.17731670396887,0.011162587344801,6,-2.49559964439292,"KD"
"R3","Zfp280c","Setdb1","D4","17",0.135649541375679,"+",0.135649541375679,0.168089800626348,-0.0324402592506691,-24,-2.88204392493918,"WT"
"R3","Zfp280c","Setdb1","D4","18",0.168089800626348,"-",0.135649541375679,0.168089800626348,-0.0324402592506691,-24,-2.57269590768512,"KD"
"R3","Zfp280c","Tsix","D0","35",0.00495676201288683,"+",0.00495676201288683,0.00670505871110904,-0.00174829669822221,-35,-7.65638629175464,"WT"
"R3","Zfp280c","Tsix","D0","36",0.00670505871110904,"-",0.00495676201288683,0.00670505871110904,-0.00174829669822221,-35,-7.22053431989177,"KD"
"R3","Zfp280c","Tsix","D2","14",0.0106884430814871,"-",0.0170505974145312,0.0106884430814871,0.0063621543330441,37,-6.5478044697567,"KD"
"R3","Zfp280c","Tsix","D2","13",0.0170505974145312,"+",0.0170505974145312,0.0106884430814871,0.0063621543330441,37,-5.87403390085478,"WT"
"R3","Zfp280c","Tsix","D4","18",0.0118770824029321,"-",0.00824022286120137,0.0118770824029321,-0.00363685954173077,-44,-6.39567570715226,"KD"
"R3","Zfp280c","Tsix","D4","17",0.00824022286120137,"+",0.00824022286120137,0.0118770824029321,-0.00363685954173077,-44,-6.92310092827275,"WT"
"R3","Zfp280c","Xist","D0","35",0.000720403321846442,"+",0.000720403321846442,0.000609803542021512,0.00011059977982493,15,-10.4389075458895,"WT"
"R3","Zfp280c","Xist","D0","36",0.000609803542021512,"-",0.000720403321846442,0.000609803542021512,0.00011059977982493,15,-10.6793678493362,"KD"
"R3","Zfp280c","Xist","D2","14",0.754861821125778,"-",0.639730955346949,0.754861821125778,-0.115130865778829,-18,-0.405715514318754,"KD"
"R3","Zfp280c","Xist","D2","13",0.639730955346949,"+",0.639730955346949,0.754861821125778,-0.115130865778829,-18,-0.644462800704673,"WT"
"R3","Zfp280c","Xist","D4","18",0.457410703938989,"-",0.222279321103075,0.457410703938989,-0.235131382835913,-106,-1.12843796801183,"KD"
"R3","Zfp280c","Xist","D4","17",0.222279321103075,"+",0.222279321103075,0.457410703938989,-0.235131382835913,-106,-2.16955435583292,"WT"
"R3","Zfp280c","Zfp280c","D0","35",0.0423116871590113,"+",0.0423116871590113,0.00107491973210558,0.0412367674269057,97,-4.56279997613412,"WT"
"R3","Zfp280c","Zfp280c","D0","36",0.00107491973210558,"-",0.0423116871590113,0.00107491973210558,0.0412367674269057,97,-9.86155535174668,"KD"
"R3","Zfp280c","Zfp280c","D2","13",0.0375604172096699,"+",0.0375604172096699,0.00167748828650134,0.0358829289231685,96,-4.7346431016771,"WT"
"R3","Zfp280c","Zfp280c","D2","14",0.00167748828650134,"-",0.0375604172096699,0.00167748828650134,0.0358829289231685,96,-9.21948159219516,"KD"
"R3","Zfp280c","Zfp280c","D4","17",0.0965784165473765,"+",0.0965784165473765,0.00273861855007804,0.0938397979972985,97,-3.37215537979464,"WT"
"R3","Zfp280c","Zfp280c","D4","18",0.00273861855007804,"-",0.0965784165473765,0.00273861855007804,0.0938397979972985,97,-8.51233595116151,"KD"
"R3","Zfp280c","Zfp36l1","D0","36",0.0535301128020901,"-",0.0458349363923555,0.0535301128020901,-0.00769517640973463,-17,-4.22350549697901,"KD"
"R3","Zfp280c","Zfp36l1","D0","35",0.0458349363923555,"+",0.0458349363923555,0.0535301128020901,-0.00769517640973463,-17,-4.44740851839251,"WT"
"R3","Zfp280c","Zfp36l1","D2","14",0.160382751064533,"-",0.136736131764732,0.160382751064533,-0.0236466192998015,-17,-2.64040910453955,"KD"
"R3","Zfp280c","Zfp36l1","D2","13",0.136736131764732,"+",0.136736131764732,0.160382751064533,-0.0236466192998015,-17,-2.87053357740031,"WT"
"R3","Zfp280c","Zfp36l1","D4","18",0.227659425196395,"-",0.087007397572663,0.227659425196395,-0.140652027623732,-162,-2.13505090610956,"KD"
"R3","Zfp280c","Zfp36l1","D4","17",0.087007397572663,"+",0.087007397572663,0.227659425196395,-0.140652027623732,-162,-3.52271812228825,"WT"
"R3","Zfp36l1","Dnmt3b","D0","37",0.200102645266894,"+",0.200102645266894,0.239878544936746,-0.0397758996698521,-20,-2.32118785573864,"WT"
"R3","Zfp36l1","Dnmt3b","D0","38",0.239878544936746,"-",0.200102645266894,0.239878544936746,-0.0397758996698521,-20,-2.05962396809204,"KD"
"R3","Zfp36l1","Dnmt3b","D2","15",7.01372820097177,"+",7.01372820097177,3.45272271046877,3.561005490503,51,2.81018152373188,"WT"
"R3","Zfp36l1","Dnmt3b","D2","16",3.45272271046877,"-",7.01372820097177,3.45272271046877,3.561005490503,51,1.78773447543224,"KD"
"R3","Zfp36l1","Dnmt3b","D4","20",1.65445229442927,"-",1.24499698988383,1.65445229442927,-0.409455304545437,-33,0.726353692628042,"KD"
"R3","Zfp36l1","Dnmt3b","D4","19",1.24499698988383,"+",1.24499698988383,1.65445229442927,-0.409455304545437,-33,0.316142254193018,"WT"
"R3","Zfp36l1","Esrrb","D0","37",0.336109039925238,"+",0.336109039925238,0.445676576447933,-0.109567536522695,-33,-1.57299874926637,"WT"
"R3","Zfp36l1","Esrrb","D0","38",0.445676576447933,"-",0.336109039925238,0.445676576447933,-0.109567536522695,-33,-1.16593095608269,"KD"
"R3","Zfp36l1","Esrrb","D2","15",0.0226837421633684,"+",0.0226837421633684,0.0120840896888626,0.0105996524745058,47,-5.46219752677915,"WT"
"R3","Zfp36l1","Esrrb","D2","16",0.0120840896888626,"-",0.0226837421633684,0.0120840896888626,0.0105996524745058,47,-6.37074739278448,"KD"
"R3","Zfp36l1","Esrrb","D4","20",0.00636597700706365,"-",0.0149544189826161,0.00636597700706365,0.00858844197555247,57,-7.29540233847291,"KD"
"R3","Zfp36l1","Esrrb","D4","19",0.0149544189826161,"+",0.0149544189826161,0.00636597700706365,0.00858844197555247,57,-6.06328433061682,"WT"
"R3","Zfp36l1","Fgf5","D0","38",0.001337488411481,"-",0.000398285566610021,0.001337488411481,-0.000939202844870977,-236,-9.54625789316425,"KD"
"R3","Zfp36l1","Fgf5","D0","37",0.000398285566610021,"+",0.000398285566610021,0.001337488411481,-0.000939202844870977,-236,-11.2939091804334,"WT"
"R3","Zfp36l1","Fgf5","D2","15",0.092796996013149,"+",0.092796996013149,0.116058667254085,-0.0232616712409361,-25,-3.42977808600678,"WT"
"R3","Zfp36l1","Fgf5","D2","16",0.116058667254085,"-",0.092796996013149,0.116058667254085,-0.0232616712409361,-25,-3.10707382780541,"KD"
"R3","Zfp36l1","Fgf5","D4","19",0.404032014677098,"+",0.404032014677098,0.458060219031305,-0.0540282043542075,-13,-1.30745848115302,"WT"
"R3","Zfp36l1","Fgf5","D4","20",0.458060219031305,"-",0.404032014677098,0.458060219031305,-0.0540282043542075,-13,-1.1263908197379,"KD"
"R3","Zfp36l1","Nanog","D0","38",1.13410364627938,"-",0.792106987582662,1.13410364627938,-0.341996658696719,-43,0.181552494901176,"KD"
"R3","Zfp36l1","Nanog","D0","37",0.792106987582662,"+",0.792106987582662,1.13410364627938,-0.341996658696719,-43,-0.336232790806417,"WT"
"R3","Zfp36l1","Nanog","D2","15",0.0294855190021534,"+",0.0294855190021534,0.0333441849493255,-0.00385866594717202,-13,-5.0838496011688,"WT"
"R3","Zfp36l1","Nanog","D2","16",0.0333441849493255,"-",0.0294855190021534,0.0333441849493255,-0.00385866594717202,-13,-4.90642100486432,"KD"
"R3","Zfp36l1","Nanog","D4","19",0.426697097209502,"+",0.426697097209502,0.314113306964296,0.112583790245206,26,-1.22871579886838,"WT"
"R3","Zfp36l1","Nanog","D4","20",0.314113306964296,"-",0.426697097209502,0.314113306964296,0.112583790245206,26,-1.67064303287568,"KD"
"R3","Zfp36l1","Otx2","D0","38",0.201345837443466,"-",0.0193808400576639,0.201345837443466,-0.181964997385802,-939,-2.31225244809038,"KD"
"R3","Zfp36l1","Otx2","D0","37",0.0193808400576639,"+",0.0193808400576639,0.201345837443466,-0.181964997385802,-939,-5.68922508441081,"WT"
"R3","Zfp36l1","Otx2","D2","15",0.261565962636913,"+",0.261565962636913,0.273040377887263,-0.0114744152503496,-4,-1.93475327855375,"WT"
"R3","Zfp36l1","Otx2","D2","16",0.273040377887263,"-",0.261565962636913,0.273040377887263,-0.0114744152503496,-4,-1.87281377864991,"KD"
"R3","Zfp36l1","Otx2","D4","20",0.156802770017988,"-",0.192851502970891,0.156802770017988,0.0360487329529024,19,-2.67297704910824,"KD"
"R3","Zfp36l1","Otx2","D4","19",0.192851502970891,"+",0.192851502970891,0.156802770017988,0.0360487329529024,19,-2.37443770536247,"WT"
"R3","Zfp36l1","Setdb1","D0","37",0.100786644368151,"+",0.100786644368151,0.125288642711478,-0.0245019983433276,-24,-3.31062362053789,"WT"
"R3","Zfp36l1","Setdb1","D0","38",0.125288642711478,"-",0.100786644368151,0.125288642711478,-0.0245019983433276,-24,-2.99667245314421,"KD"
"R3","Zfp36l1","Setdb1","D2","15",0.104276001949489,"+",0.104276001949489,0.117192304807285,-0.0129163028577954,-12,-3.26152092027121,"WT"
"R3","Zfp36l1","Setdb1","D2","16",0.117192304807285,"-",0.104276001949489,0.117192304807285,-0.0129163028577954,-12,-3.09305025363275,"KD"
"R3","Zfp36l1","Setdb1","D4","19",0.195658640030989,"+",0.195658640030989,0.152096909132618,0.0435617308983715,22,-2.35358927570595,"WT"
"R3","Zfp36l1","Setdb1","D4","20",0.152096909132618,"-",0.195658640030989,0.152096909132618,0.0435617308983715,22,-2.71693725953931,"KD"
"R3","Zfp36l1","Tsix","D0","37",0.00515342148701106,"+",0.00515342148701106,0.00901773023738675,-0.00386430875037569,-75,-7.6002536924907,"WT"
"R3","Zfp36l1","Tsix","D0","38",0.00901773023738675,"-",0.00515342148701106,0.00901773023738675,-0.00386430875037569,-75,-6.79301993181744,"KD"
"R3","Zfp36l1","Tsix","D2","16",0.0070786641598581,"-",0.0110911296457163,0.0070786641598581,0.00401246548585816,36,-7.14230715483151,"KD"
"R3","Zfp36l1","Tsix","D2","15",0.0110911296457163,"+",0.0110911296457163,0.0070786641598581,0.00401246548585816,36,-6.49444987645953,"WT"
"R3","Zfp36l1","Tsix","D4","19",0.0123785859985979,"+",0.0123785859985979,0.0108137376934451,0.00156484830515278,13,-6.33600966434362,"WT"
"R3","Zfp36l1","Tsix","D4","20",0.0108137376934451,"-",0.0123785859985979,0.0108137376934451,0.00156484830515278,13,-6.53099092296713,"KD"
"R3","Zfp36l1","Xist","D0","37",0.000387797390772454,"+",0.000387797390772454,0.00109040291571201,-0.000702605524939553,-181,-11.3324092829957,"WT"
"R3","Zfp36l1","Xist","D0","38",0.00109040291571201,"-",0.000387797390772454,0.00109040291571201,-0.000702605524939553,-181,-9.84092295966822,"KD"
"R3","Zfp36l1","Xist","D2","15",0.55182917131675,"+",0.55182917131675,0.406149527236443,0.145679644080307,26,-0.857706371067479,"WT"
"R3","Zfp36l1","Xist","D2","16",0.406149527236443,"-",0.55182917131675,0.406149527236443,0.145679644080307,26,-1.29991712982252,"KD"
"R3","Zfp36l1","Xist","D4","19",0.450605766723495,"+",0.450605766723495,0.563878440960103,-0.113272674236608,-25,-1.15006231799811,"WT"
"R3","Zfp36l1","Xist","D4","20",0.563878440960103,"-",0.450605766723495,0.563878440960103,-0.113272674236608,-25,-0.826543910145919,"KD"
"R3","Zfp36l1","Zfp280c","D0","37",0.0574939542325698,"+",0.0574939542325698,0.0475499458868009,0.00994400834576889,17,-4.12044593210492,"WT"
"R3","Zfp36l1","Zfp280c","D0","38",0.0475499458868009,"-",0.0574939542325698,0.0475499458868009,0.00994400834576889,17,-4.39441249051619,"KD"
"R3","Zfp36l1","Zfp280c","D2","16",0.0800793569791166,"-",0.0763379710312463,0.0800793569791166,-0.00374138594787037,-5,-3.64242580010087,"KD"
"R3","Zfp36l1","Zfp280c","D2","15",0.0763379710312463,"+",0.0763379710312463,0.0800793569791166,-0.00374138594787037,-5,-3.71145534775962,"WT"
"R3","Zfp36l1","Zfp280c","D4","20",0.173872577926015,"-",0.134006734687072,0.173872577926015,-0.0398658432389432,-30,-2.5238976769622,"KD"
"R3","Zfp36l1","Zfp280c","D4","19",0.134006734687072,"+",0.134006734687072,0.173872577926015,-0.0398658432389432,-30,-2.89962258782007,"WT"
"R3","Zfp36l1","Zfp36l1","D0","37",0.0429794113062914,"+",0.0429794113062914,0.00876911081585254,0.0342103004904389,80,-4.54021046762584,"WT"
"R3","Zfp36l1","Zfp36l1","D0","38",0.00876911081585254,"-",0.0429794113062914,0.00876911081585254,0.0342103004904389,80,-6.83335372324596,"KD"
"R3","Zfp36l1","Zfp36l1","D2","15",0.106235796794504,"+",0.106235796794504,0.000106290305559141,0.106129506488945,100,-3.23465812200257,"WT"
"R3","Zfp36l1","Zfp36l1","D2","16",0.000106290305559141,"-",0.106235796794504,0.000106290305559141,0.106129506488945,100,-13.1997023608512,"KD"
"R3","Zfp36l1","Zfp36l1","D4","20",0.0429112171766182,"-",0.124722483688553,0.0429112171766182,0.0818112665119346,66,-4.54250136606512,"KD"
"R3","Zfp36l1","Zfp36l1","D4","19",0.124722483688553,"+",0.124722483688553,0.0429112171766182,0.0818112665119346,66,-3.00320653202863,"WT"
