"Replicate","KD","gene","ID","re","Cell_line","dTag","re_plus","re_minus","re_diff","percent_KD","log2_re"
"R1","Zic3","Esrrb","Zic3_0R1",0.264008565169724,"KD",0,0.108829532702581,0.264008565169724,-0.155179032467143,-143,-1.92134335951789
"R1","Zic3","Esrrb","Zic3_500R1",0.108829532702581,"ctrl",500,0.108829532702581,0.264008565169724,-0.155179032467143,-143,-3.19985798589085
"R1","Zic3","Fgf5","Zic3_0R1",0.107107360683299,"KD",0,0.0992145725888179,0.107107360683299,-0.00789278809448114,-8,-3.22287046581324
"R1","Zic3","Fgf5","Zic3_500R1",0.0992145725888179,"ctrl",500,0.0992145725888179,0.107107360683299,-0.00789278809448114,-8,-3.3333041512436
"R1","Zic3","Nanog","Zic3_500R1",0.202131085286476,"ctrl",500,0.202131085286476,0.416805801523839,-0.214674716237363,-106,-2.30663688727146
"R1","Zic3","Nanog","Zic3_0R1",0.416805801523839,"KD",0,0.202131085286476,0.416805801523839,-0.214674716237363,-106,-1.26255273624546
"R1","Zic3","Otx2","Zic3_500R1",0.285646764283307,"ctrl",500,0.285646764283307,0.306958143860188,-0.021311379576881,-7,-1.80769590726855
"R1","Zic3","Otx2","Zic3_0R1",0.306958143860188,"KD",0,0.285646764283307,0.306958143860188,-0.021311379576881,-7,-1.70388614861496
"R1","Zic3","Rnf12","Zic3_0R1",1.34318555145564,"KD",0,0.789565429724948,1.34318555145564,-0.553620121730692,-70,0.425658616510713
"R1","Zic3","Rnf12","Zic3_500R1",0.789565429724948,"ctrl",500,0.789565429724948,1.34318555145564,-0.553620121730692,-70,-0.340869270564443
"R1","Zic3","Tsix","Zic3_0R1",0.00854262105224492,"KD",0,0.00581694705734045,0.00854262105224492,-0.00272567399490447,-47,-6.87110549831588
"R1","Zic3","Tsix","Zic3_500R1",0.00581694705734045,"ctrl",500,0.00581694705734045,0.00854262105224492,-0.00272567399490447,-47,-7.42552211105493
"R1","Zic3","Xist","Zic3_0R1",0.0272765705170918,"KD",0,0.0397735487816003,0.0272765705170918,0.0124969782645085,31,-5.19619392404198
"R1","Zic3","Xist","Zic3_500R1",0.0397735487816003,"ctrl",500,0.0397735487816003,0.0272765705170918,0.0124969782645085,31,-4.65204689790561
"R1","Zic3","Zic3","Zic3_0R1",0.0686613825209684,"KD",0,0.366149025821713,0.0686613825209684,0.297487643300745,81,-3.8643572830175
"R1","Zic3","Zic3","Zic3_500R1",0.366149025821713,"ctrl",500,0.366149025821713,0.0686613825209684,0.297487643300745,81,-1.44949713748508
"R2","Zic3","Esrrb","Zic3_0R2",0.232099469032503,"KD",0,0.110350702740445,0.232099469032503,-0.121748766292058,-110,-2.10718487261449
"R2","Zic3","Esrrb","Zic3_500R2",0.110350702740445,"ctrl",500,0.110350702740445,0.232099469032503,-0.121748766292058,-110,-3.17983227780335
"R2","Zic3","Fgf5","Zic3_0R2",0.0701288065539378,"KD",0,0.103289098788463,0.0701288065539378,0.0331602922345253,32,-3.83384901321632
"R2","Zic3","Fgf5","Zic3_500R2",0.103289098788463,"ctrl",500,0.103289098788463,0.0701288065539378,0.0331602922345253,32,-3.2752400958027
"R2","Zic3","Nanog","Zic3_500R2",0.212697541714438,"ctrl",500,0.212697541714438,0.44408606828167,-0.231388526567232,-109,-2.2331247356691
"R2","Zic3","Nanog","Zic3_0R2",0.44408606828167,"KD",0,0.212697541714438,0.44408606828167,-0.231388526567232,-109,-1.17108878261457
"R2","Zic3","Otx2","Zic3_0R2",0.255123286867906,"KD",0,0.231969222845649,0.255123286867906,-0.023154064022257,-10,-1.97073350517655
"R2","Zic3","Otx2","Zic3_500R2",0.231969222845649,"ctrl",500,0.231969222845649,0.255123286867906,-0.023154064022257,-10,-2.10799469036817
"R2","Zic3","Rnf12","Zic3_0R2",1.00440453045515,"KD",0,1.04444078751926,1.00440453045515,0.0400362570641075,4,0.00634044113985522
"R2","Zic3","Rnf12","Zic3_500R2",1.04444078751926,"ctrl",500,1.04444078751926,1.00440453045515,0.0400362570641075,4,0.0627307040146051
"R2","Zic3","Tsix","Zic3_500R2",0.00672545964955016,"ctrl",500,0.00672545964955016,0.00635431159493758,0.000371148054612578,6,-7.21615141305748
"R2","Zic3","Tsix","Zic3_0R2",0.00635431159493758,"KD",0,0.00672545964955016,0.00635431159493758,0.000371148054612578,6,-7.29804844776631
"R2","Zic3","Xist","Zic3_0R2",0.0106791913890098,"KD",0,0.0436172356983449,0.0106791913890098,0.0329380443093351,76,-6.54905377713411
"R2","Zic3","Xist","Zic3_500R2",0.0436172356983449,"ctrl",500,0.0436172356983449,0.0106791913890098,0.0329380443093351,76,-4.5189578496599
"R2","Zic3","Zic3","Zic3_0R2",0.0477998095890588,"KD",0,0.275003672885321,0.0477998095890588,0.227203863296262,83,-4.38685131854501
"R2","Zic3","Zic3","Zic3_500R2",0.275003672885321,"ctrl",500,0.275003672885321,0.0477998095890588,0.227203863296262,83,-1.86247720782078
"R3","Zic3","Esrrb","Zic3_0R3",0.160276044400893,"KD",0,0.0989891668708976,0.160276044400893,-0.061286877529995,-62,-2.64136928515723
"R3","Zic3","Esrrb","Zic3_500R3",0.0989891668708976,"ctrl",500,0.0989891668708976,0.160276044400893,-0.061286877529995,-62,-3.33658554091375
"R3","Zic3","Fgf5","Zic3_0R3",0.0749397107725305,"KD",0,0.146465945734033,0.0749397107725305,0.0715262349615026,49,-3.73812578013333
"R3","Zic3","Fgf5","Zic3_500R3",0.146465945734033,"ctrl",500,0.146465945734033,0.0749397107725305,0.0715262349615026,49,-2.77136282704324
"R3","Zic3","Nanog","Zic3_0R3",0.32040053672605,"KD",0,0.185366861943156,0.32040053672605,-0.135033674782893,-73,-1.64205153037619
"R3","Zic3","Nanog","Zic3_500R3",0.185366861943156,"ctrl",500,0.185366861943156,0.32040053672605,-0.135033674782893,-73,-2.43154473864425
"R3","Zic3","Otx2","Zic3_0R3",0.306591659102699,"KD",0,0.247746931984474,0.306591659102699,-0.0588447271182255,-24,-1.70560964621049
"R3","Zic3","Otx2","Zic3_500R3",0.247746931984474,"ctrl",500,0.247746931984474,0.306591659102699,-0.0588447271182255,-24,-2.01306090322007
"R3","Zic3","Rnf12","Zic3_0R3",0.937649135898917,"KD",0,1.03565547779099,0.937649135898917,0.0980063418920756,9,-0.0928799211806571
"R3","Zic3","Rnf12","Zic3_500R3",1.03565547779099,"ctrl",500,1.03565547779099,0.937649135898917,0.0980063418920756,9,0.0505441544277082
"R3","Zic3","Tsix","Zic3_500R3",0.0101561381309159,"ctrl",500,0.0101561381309159,0.00755814565472878,0.00259799247618715,26,-6.62150426783419
"R3","Zic3","Tsix","Zic3_0R3",0.00755814565472878,"KD",0,0.0101561381309159,0.00755814565472878,0.00259799247618715,26,-7.04775196329495
"R3","Zic3","Xist","Zic3_0R3",0.027359198190117,"KD",0,0.115349689807989,0.027359198190117,0.0879904916178716,76,-5.19183023967125
"R3","Zic3","Xist","Zic3_500R3",0.115349689807989,"ctrl",500,0.115349689807989,0.027359198190117,0.0879904916178716,76,-3.11591397047703
"R3","Zic3","Zic3","Zic3_500R3",0.35551245816169,"ctrl",500,0.35551245816169,0.0491752769843036,0.306337181177386,86,-1.49202797804361
"R3","Zic3","Zic3","Zic3_0R3",0.0491752769843036,"KD",0,0.35551245816169,0.0491752769843036,0.306337181177386,86,-4.34592301113455
