"Sample","gene","re","Replicate","Day","Cell_line","re_NTC","re_diff_ntc","log2_re"
"Sample 1","Fgf5",0.00468704629006454,"R2","D0","WT",0.00468704629006454,1,-7.73710524147375
"Sample 1","Xist",0.00186105093166186,"R2","D0","WT",0.00186105093166186,1,-9.06966674627173
"Sample 1","Nanog",1.18373079272263,"R2","D0","WT",1.18373079272263,1,0.243341016638858
"Sample 1","Tsix",0.02131402309247,"R2","D0","WT",0.02131402309247,1,-5.55205325748236
"Sample 1-old","Fgf5",0.00206035770628922,"R1","D0","WT",0.00206035770628922,1,-8.92288945390926
"Sample 1-old","Xist",0.00345440899445785,"R1","D0","WT",0.00345440899445785,1,-8.17734537975004
"Sample 1-old","Nanog",1.36639467256297,"R1","D0","WT",1.36639467256297,1,0.45037425515742
"Sample 1-old","Tsix",0.0112200961955545,"R1","D0","WT",0.0112200961955545,1,-6.47777114482138
"Sample 10","Fgf5",0.00345269252759278,"R3","D0","WT",0.00345269252759278,1,-8.1780624209799
"Sample 10","Xist",0.0015608621860838,"R3","D0","WT",0.0015608621860838,1,-9.32344112225377
"Sample 10","Nanog",0.802873334904094,"R3","D0","WT",0.802873334904094,1,-0.316755695587926
"Sample 10","Tsix",0.0101294871125057,"R3","D0","WT",0.0101294871125057,1,-6.62529506193153
"Sample 11","Fgf5",0.0053551592273357,"R3","D0","RNF12",0.00345269252759278,1.55100959165609,-7.54485481275426
"Sample 11","Xist",0.00157923101775825,"R3","D0","RNF12",0.0015608621860838,1.01176838790652,-9.30656205342881
"Sample 11","Nanog",1.08308623823475,"R3","D0","RNF12",0.802873334904094,1.3490125915866,0.11514811877295
"Sample 11","Tsix",0.0356666063363917,"R3","D0","RNF12",0.0101294871125057,3.52106734924007,-4.8092822393072
"Sample 12","Fgf5",0.0093714559454645,"R3","D0","DKO",0.00345269252759278,2.71424572868013,-6.73751108286858
"Sample 12","Xist",0.00200545831874159,"R3","D0","DKO",0.0015608621860838,1.28484009454626,-8.96185230303707
"Sample 12","Nanog",1.28702832495739,"R3","D0","DKO",0.802873334904094,1.60302786131405,0.36404380478308
"Sample 12","Tsix",0.0224101465429295,"R3","D0","DKO",0.0101294871125057,2.21236734831938,-5.47970410692078
"Sample 13","Fgf5",0.178434195390533,"R3","D2","WT",0.178434195390533,1,-2.48653597294267
"Sample 13","Xist",0.153408447851184,"R3","D2","WT",0.153408447851184,1,-2.70455016395375
"Sample 13","Nanog",0.436220459713746,"R3","D2","WT",0.436220459713746,1,-1.19687065770251
"Sample 13","Tsix",0.0272294839757713,"R3","D2","WT",0.0272294839757713,1,-5.19868654755643
"Sample 13-old","Fgf5",0.155181846338667,"R1","D4","WT",0.155181846338667,1,-2.68796829850295
"Sample 13-old","Xist",0.231501222982832,"R1","D4","WT",0.231501222982832,1,-2.11090827986143
"Sample 13-old","Nanog",1.17148294941436,"R1","D4","WT",1.17148294941436,1,0.228335956356954
"Sample 13-old","Tsix",0.00858155657868999,"R1","D4","WT",0.00858155657868999,1,-6.86454492776739
"Sample 14","Fgf5",0.133372914741585,"R3","D2","RNF12",0.178434195390533,0.747462752022822,-2.90646237990508
"Sample 14","Xist",0.0047586253556266,"R3","D2","RNF12",0.153408447851184,0.0310193175296498,-7.71523940840609
"Sample 14","Nanog",0.142714392433073,"R3","D2","RNF12",0.436220459713746,0.327161161873801,-2.8087972601102
"Sample 14","Tsix",0.0254725826539795,"R3","D2","RNF12",0.0272294839757713,0.935477979554992,-5.29491094852954
"Sample 14-old","Fgf5",0.171945836082167,"R1","D4","RNF12",0.155181846338667,1.1080280338134,-2.53997391555273
"Sample 14-old","Xist",0.0103398432313945,"R1","D4","RNF12",0.231501222982832,0.0446643136401973,-6.59564187752655
"Sample 14-old","Nanog",0.324997416319027,"R1","D4","RNF12",1.17148294941436,0.277423940725298,-1.62149984591102
"Sample 14-old","Tsix",0.0131493948792878,"R1","D4","RNF12",0.00858155657868999,1.53228551938244,-6.24885977997104
"Sample 15","Fgf5",0.1533365738608,"R3","D2","DKO",0.178434195390533,0.859345225421602,-2.70522624502471
"Sample 15","Xist",0.231879816105827,"R3","D2","DKO",0.153408447851184,1.51151921131987,-2.10855084830288
"Sample 15","Nanog",0.11098202300816,"R3","D2","DKO",0.436220459713746,0.25441728038384,-3.17160208873883
"Sample 15","Tsix",0.0146668631825747,"R3","D2","DKO",0.0272294839757713,0.538639042723882,-6.09129583647595
"Sample 15-old","Fgf5",0.0797667370344308,"R1","D4","DKO",0.155181846338667,0.51402105926971,-3.64806892603032
"Sample 15-old","Xist",0.132145660898804,"R1","D4","DKO",0.231501222982832,0.570820573628693,-2.91979904109632
"Sample 15-old","Nanog",0.254454783689682,"R1","D4","DKO",1.17148294941436,0.217207415453112,-1.97451878099214
"Sample 15-old","Tsix",0.00477297724235947,"R1","D4","DKO",0.00858155657868999,0.556190150189289,-7.71089482705123
"Sample 16","Fgf5",0.225839147059513,"R3","D4","WT",0.225839147059513,1,-2.14663250969122
"Sample 16","Xist",0.305482775959072,"R3","D4","WT",0.305482775959072,1,-1.71083705605105
"Sample 16","Nanog",0.458556152555341,"R3","D4","WT",0.458556152555341,1,-1.12482968483407
"Sample 16","Tsix",0.0103760445232084,"R3","D4","WT",0.0103760445232084,1,-6.59059961451021
"Sample 17","Fgf5",0.238005284965754,"R3","D4","RNF12",0.225839147059513,1.053870810551,-2.07093448560107
"Sample 17","Xist",0.00608379045845562,"R3","D4","RNF12",0.305482775959072,0.0199153305431227,-7.36081382090818
"Sample 17","Nanog",0.442466669879214,"R3","D4","RNF12",0.458556152555341,0.964912731872712,-1.17635931090304
"Sample 17","Tsix",0.0319243615804788,"R3","D4","RNF12",0.0103760445232084,3.07673714285562,-4.96919842039917
"Sample 18","Fgf5",0.202363088027482,"R3","D4","DKO",0.225839147059513,0.896049647115235,-2.30498193517223
"Sample 18","Xist",0.21901179304858,"R3","D4","DKO",0.305482775959072,0.716936633697222,-2.19091953869275
"Sample 18","Nanog",0.369731080863461,"R3","D4","DKO",0.458556152555341,0.806294013945959,-1.43545176836838
"Sample 18","Tsix",0.0133093196475921,"R3","D4","DKO",0.0103760445232084,1.28269685214079,-6.23141936504122
"Sample 2","Fgf5",0.00696951482339433,"R2","D0","RNF12",0.00468704629006454,1.48697375534099,-7.16472605701114
"Sample 2","Xist",0.00169332853436542,"R2","D0","RNF12",0.00186105093166186,0.909877588816623,-9.20592237704152
"Sample 2","Nanog",0.976237152236836,"R2","D0","RNF12",1.18373079272263,0.824712137454369,-0.0346964380872095
"Sample 2","Tsix",0.0416341950591948,"R2","D0","RNF12",0.02131402309247,1.95337102144286,-4.58608725809993
"Sample 2-old","Fgf5",0.00570855550223265,"R1","D0","RNF12",0.00206035770628922,2.77066233926631,-7.45265855368133
"Sample 2-old","Xist",0.000750628332128378,"R1","D0","RNF12",0.00345440899445785,0.217295732304039,-10.3796136344222
"Sample 2-old","Nanog",0.857294344763604,"R1","D0","RNF12",1.36639467256297,0.627413412814003,-0.222137468353004
"Sample 2-old","Tsix",0.0141497849027634,"R1","D0","RNF12",0.0112200961955545,1.26111083685447,-6.14307606760627
"Sample 3","Fgf5",0.00617610172410524,"R2","D0","DKO",0.00468704629006454,1.31769590951068,-7.33908776980649
"Sample 3","Xist",0.00188676372465686,"R2","D0","DKO",0.00186105093166186,1.01381627582435,-9.04987051599419
"Sample 3","Nanog",1.15415787634504,"R2","D0","DKO",1.18373079272263,0.975017194315297,0.206840582598033
"Sample 3","Tsix",0.0354309567556371,"R2","D0","DKO",0.02131402309247,1.66233078578931,-4.81884576614812
"Sample 3-old","Fgf5",0.00951076032960379,"R1","D0","DKO",0.00206035770628922,4.61607239392087,-6.71622360394414
"Sample 3-old","Xist",0.00155420572272489,"R1","D0","DKO",0.00345440899445785,0.449919429117517,-9.32960680568387
"Sample 3-old","Nanog",0.509341227094748,"R1","D0","DKO",1.36639467256297,0.372762890050917,-0.973295598311765
"Sample 3-old","Tsix",0.014113729827011,"R1","D0","DKO",0.0112200961955545,1.25789739954306,-6.14675689129013
"Sample 4","Fgf5",0.192063950894339,"R2","D2","WT",0.192063950894339,1,-2.38034133458472
"Sample 4","Xist",0.334546848981193,"R2","D2","WT",0.334546848981193,1,-1.57971983899777
"Sample 4","Nanog",0.285339783429732,"R2","D2","WT",0.285339783429732,1,-1.80924718653965
"Sample 4","Tsix",0.0252423846921754,"R2","D2","WT",0.0252423846921754,1,-5.30800797909527
"Sample 5","Fgf5",0.202805841649995,"R2","D2","RNF12",0.192063950894339,1.0559287190836,-2.30182888634246
"Sample 5","Xist",0.00975598440257643,"R2","D2","RNF12",0.334546848981193,0.0291617883482886,-6.67949683304128
"Sample 5","Nanog",0.0924560346599343,"R2","D2","RNF12",0.285339783429732,0.32402083420906,-3.43508870151544
"Sample 5","Tsix",0.0437243833080705,"R2","D2","RNF12",0.0252423846921754,1.73218116438991,-4.51541815336165
"Sample 6","Fgf5",0.229262558553289,"R2","D2","DKO",0.192063950894339,1.19367823834581,-2.12492733089777
"Sample 6","Xist",0.38917106037111,"R2","D2","DKO",0.334546848981193,1.16327821217347,-1.36152366280379
"Sample 6","Nanog",0.0920118202022729,"R2","D2","DKO",0.285339783429732,0.32246404303076,-3.44203698238975
"Sample 6","Tsix",0.023346345748234,"R2","D2","DKO",0.0252423846921754,0.924886694856167,-5.4206594378472
"Sample 7","Fgf5",0.268008968939172,"R2","D4","WT",0.268008968939172,1,-1.89964681350449
"Sample 7","Xist",0.469457109324144,"R2","D4","WT",0.469457109324144,1,-1.09093473890807
"Sample 7","Nanog",0.476927646890701,"R2","D4","WT",0.476927646890701,1,-1.06815767852956
"Sample 7","Tsix",0.0124791284387387,"R2","D4","WT",0.0124791284387387,1,-6.32433901206637
"Sample 7-old","Fgf5",0.100215564960263,"R1","D2","WT",0.100215564960263,1,-3.31882149706225
"Sample 7-old","Xist",0.126331585336497,"R1","D2","WT",0.126331585336497,1,-2.98471270903654
"Sample 7-old","Nanog",0.315285022190374,"R1","D2","WT",0.315285022190374,1,-1.66527145935683
"Sample 7-old","Tsix",0.0348140602887629,"R1","D2","WT",0.0348140602887629,1,-4.84418610748961
"Sample 8","Fgf5",0.231813244547743,"R2","D4","RNF12",0.268008968939172,0.864945846645736,-2.10896509844169
"Sample 8","Xist",0.00421963447380036,"R2","D4","RNF12",0.469457109324144,0.00898832798564959,-7.88866625389916
"Sample 8","Nanog",0.527620527374118,"R2","D4","RNF12",0.476927646890701,1.10629050509843,-0.922427400341981
"Sample 8","Tsix",0.0163759780752943,"R2","D4","RNF12",0.0124791284387387,1.31226937487547,-5.93227511382771
"Sample 8-old","Fgf5",0.109100036681925,"R1","D2","RNF12",0.100215564960263,1.08865361109509,-3.19627650815873
"Sample 8-old","Xist",0.00932308171164768,"R1","D2","RNF12",0.126331585336497,0.0737985016717294,-6.74497737321271
"Sample 8-old","Nanog",0.0770542808046707,"R1","D2","RNF12",0.315285022190374,0.244395627389315,-3.69798108087226
"Sample 8-old","Tsix",0.0365312696072918,"R1","D2","RNF12",0.0348140602887629,1.04932516644958,-4.77472429579791
"Sample 9","Fgf5",0.292790188055289,"R2","D4","DKO",0.268008968939172,1.0924641410853,-1.77206088785408
"Sample 9","Xist",0.592921421806739,"R2","D4","DKO",0.469457109324144,1.26299380716662,-0.754087173727108
"Sample 9","Nanog",0.531327264383377,"R2","D4","DKO",0.476927646890701,1.11406262112782,-0.912327350114246
"Sample 9","Tsix",0.0238108965964331,"R2","D4","DKO",0.0124791284387387,1.90805765910041,-5.39223424363628
"Sample 9-old","Fgf5",0.146517740385603,"R1","D2","DKO",0.100215564960263,1.46202578854592,-2.77085273797493
"Sample 9-old","Xist",0.344256384803485,"R1","D2","DKO",0.126331585336497,2.72502228074257,-1.53844468311564
"Sample 9-old","Nanog",0.0618017019139123,"R1","D2","DKO",0.315285022190374,0.196018515197958,-4.01620962172674
"Sample 9-old","Tsix",0.0310510652409224,"R1","D2","DKO",0.0348140602887629,0.891911629478764,-5.00921342724089
