"","Sample","Replicate","Sample_Number","Total_reads","AmpR_reads","AmpR_normalized"
"1","DKO","Rep3","S7",6681770,30532,4.56944791574688
"2","DKO","Rep4","S3",2875157,20435,7.10743795904015
"3","DKO","Rep1","S9",7698468,76806,9.97679018734637
"4","Rnf12 KO","Rep2","S2",3367936,19439,5.77178426193372
"5","Rnf12 KO","Rep3","S6",3837363,11639,3.03307245105558
"6","Rnf12 KO","Rep4","S2",2874363,16111,5.60506797506091
"7","Rnf12 KO","Rep1","S8",6456870,61431,9.51405247434128
"8","WT","Rep2","S1",4352209,25032,5.7515620228716
"9","WT","Rep3","S5",2878771,8925,3.10028133533372
"10","WT","Rep4","S1",3623120,21419,5.91175561394599
"11","WT","Rep1","S7",7219066,85213,11.8038815547607
