"Sample","Cell_line","Replicate","Dox","Day","gene","re","log2_re"
"Sample 1","WT","R1","-Dox","2i","Rnf12",0.158958682915278,-2.65327627088285
"Sample 1","WT","R1","-Dox","2i","Xist",0.000178739256717508,-12.4498558495251
"Sample 1","WT","R1","-Dox","2i","Nanog",0.889476422508884,-0.168971730631945
"Sample 1","WT","R1","-Dox","2i","Tsix_spliced",0.0623259330174056,-4.00402361479347
"Sample 1","WT","R1","-Dox","2i","Esrrb",0.281150942845369,-1.83058320989355
"Sample 10","WT","R2","+Dox","2i","Rnf12",0.127511631198632,-2.97129924382486
"Sample 10","WT","R2","+Dox","2i","Xist",0.257804827706037,-1.95564881473184
"Sample 10","WT","R2","+Dox","2i","Nanog",0.633060581970764,-0.659584527103199
"Sample 10","WT","R2","+Dox","2i","Tsix_spliced",0.086258515307173,-3.535189305344
"Sample 10","WT","R2","+Dox","2i","Esrrb",0.791131145836218,-0.338011224760031
"Sample 11","WT","R2","-Dox","diff","Rnf12",0.389292320421376,-1.36107420999995
"Sample 11","WT","R2","-Dox","diff","Xist",0.486177878205072,-1.04044384473322
"Sample 11","WT","R2","-Dox","diff","Nanog",0.0154815632662482,-6.01330503337033
"Sample 11","WT","R2","-Dox","diff","Tsix_spliced",NA,NA
"Sample 11","WT","R2","-Dox","diff","Esrrb",0.0273586761905564,-5.1918577658201
"Sample 12","WT","R2","+Dox","diff","Rnf12",0.342536718311906,-1.54566944845756
"Sample 12","WT","R2","+Dox","diff","Xist",0.793442576249764,-0.333802280090911
"Sample 12","WT","R2","+Dox","diff","Nanog",0.0152427786691215,-6.03573026812775
"Sample 12","WT","R2","+Dox","diff","Tsix_spliced",NA,NA
"Sample 12","WT","R2","+Dox","diff","Esrrb",0.0234142063433195,-5.41647205303873
"Sample 13","dXIC","R2","-Dox","2i","Rnf12",0.205095699623938,-2.28563085268569
"Sample 13","dXIC","R2","-Dox","2i","Xist",0.000744823098307839,-10.3908145653833
"Sample 13","dXIC","R2","-Dox","2i","Nanog",0.707005274569931,-0.500207116673767
"Sample 13","dXIC","R2","-Dox","2i","Tsix_spliced",0.0133650979748503,-6.22538577626313
"Sample 13","dXIC","R2","-Dox","2i","Esrrb",0.543118439274522,-0.88066125022528
"Sample 14","dXIC","R2","+Dox","2i","Rnf12",0.0519163663315794,-4.26766677829557
"Sample 14","dXIC","R2","+Dox","2i","Xist",0.202285509814009,-2.30553511492289
"Sample 14","dXIC","R2","+Dox","2i","Nanog",0.325826588378547,-1.61782375819172
"Sample 14","dXIC","R2","+Dox","2i","Tsix_spliced",0.019039489099969,-5.71486142346239
"Sample 14","dXIC","R2","+Dox","2i","Esrrb",0.36642171882981,-1.44842307638857
"Sample 15","dXIC","R2","-Dox","diff","Rnf12",1.14194530558194,0.191493553279276
"Sample 15","dXIC","R2","-Dox","diff","Xist",0.36430892725509,-1.45676574666683
"Sample 15","dXIC","R2","-Dox","diff","Nanog",0.0284830474804307,-5.13375267725922
"Sample 15","dXIC","R2","-Dox","diff","Tsix_spliced",NA,NA
"Sample 15","dXIC","R2","-Dox","diff","Esrrb",0.0243939437953808,-5.35733317071058
"Sample 16","dXIC","R2","+Dox","diff","Rnf12",0.771746403788922,-0.373801239752471
"Sample 16","dXIC","R2","+Dox","diff","Xist",0.941089765142118,-0.0875957549846938
"Sample 16","dXIC","R2","+Dox","diff","Nanog",0.0226488620308974,-5.46441762443143
"Sample 16","dXIC","R2","+Dox","diff","Tsix_spliced",NA,NA
"Sample 16","dXIC","R2","+Dox","diff","Esrrb",0.0373439215623822,-4.7429827538675
"Sample 17","WT","R3","-Dox","2i","Rnf12",0.251800052309838,-1.98964951211981
"Sample 17","WT","R3","-Dox","2i","Xist",0.000953486175425431,-10.0345003584627
"Sample 17","WT","R3","-Dox","2i","Nanog",1.09533793173958,0.131376036247261
"Sample 17","WT","R3","-Dox","2i","Tsix_spliced",0.0349203697242843,-4.83978735599157
"Sample 17","WT","R3","-Dox","2i","Esrrb",0.599400523753699,-0.738407750414364
"Sample 18","WT","R3","+Dox","2i","Rnf12",0.106599775394131,-3.22972369654745
"Sample 18","WT","R3","+Dox","2i","Xist",0.191051097883665,-2.38796954665665
"Sample 18","WT","R3","+Dox","2i","Nanog",0.599769317290977,-0.737520375488966
"Sample 18","WT","R3","+Dox","2i","Tsix_spliced",0.0466353008459569,-4.4224337654684
"Sample 18","WT","R3","+Dox","2i","Esrrb",0.59460140507698,-0.750005222467241
"Sample 19","WT","R3","-Dox","diff","Rnf12",0.384571276858797,-1.37867708124969
"Sample 19","WT","R3","-Dox","diff","Xist",0.400118999907499,-1.32149895727733
"Sample 19","WT","R3","-Dox","diff","Nanog",0.0169305078891484,-5.88423093726384
"Sample 19","WT","R3","-Dox","diff","Tsix_spliced",NA,NA
"Sample 19","WT","R3","-Dox","diff","Esrrb",0.0305883222371419,-5.03087521221944
"Sample 2","WT","R1","+Dox","2i","Rnf12",0.10076824516861,-3.31088701711505
"Sample 2","WT","R1","+Dox","2i","Xist",0.0290306728597584,-5.10627817929182
"Sample 2","WT","R1","+Dox","2i","Nanog",0.629438194483644,-0.667863370460946
"Sample 2","WT","R1","+Dox","2i","Tsix_spliced",0.142279671288546,-2.81319854845714
"Sample 2","WT","R1","+Dox","2i","Esrrb",0.250765804055531,-1.99558746797195
"Sample 20","WT","R3","+Dox","diff","Rnf12",0.272735085022191,-1.87442779239119
"Sample 20","WT","R3","+Dox","diff","Xist",0.498550914254374,-1.00418724825495
"Sample 20","WT","R3","+Dox","diff","Nanog",0.00976197383072686,-6.67861140040961
"Sample 20","WT","R3","+Dox","diff","Tsix_spliced",NA,NA
"Sample 20","WT","R3","+Dox","diff","Esrrb",0.0236033066337339,-5.40486720603835
"Sample 21","dXIC","R3","-Dox","2i","Rnf12",0.255181187135317,-1.97040612247358
"Sample 21","dXIC","R3","-Dox","2i","Xist",0.00148563432694933,-9.39470522909341
"Sample 21","dXIC","R3","-Dox","2i","Nanog",0.872466219372458,-0.196828821544784
"Sample 21","dXIC","R3","-Dox","2i","Tsix_spliced",0.0561208007257377,-4.15532059644753
"Sample 21","dXIC","R3","-Dox","2i","Esrrb",0.847471023103597,-0.238764054708508
"Sample 22","dXIC","R3","+Dox","2i","Rnf12",0.0902616174421007,-3.46974355863414
"Sample 22","dXIC","R3","+Dox","2i","Xist",0.284563163452889,-1.81317917702654
"Sample 22","dXIC","R3","+Dox","2i","Nanog",0.525844885277868,-0.927290801535463
"Sample 22","dXIC","R3","+Dox","2i","Tsix_spliced",0.0317956253474502,-4.97502790614226
"Sample 22","dXIC","R3","+Dox","2i","Esrrb",0.534208527578006,-0.904525088969926
"Sample 23","dXIC","R3","-Dox","diff","Rnf12",1.38351545755366,0.468338762785183
"Sample 23","dXIC","R3","-Dox","diff","Xist",0.404029121109424,-1.30746881338049
"Sample 23","dXIC","R3","-Dox","diff","Nanog",0.0277196995333728,-5.17294457025278
"Sample 23","dXIC","R3","-Dox","diff","Tsix_spliced",NA,NA
"Sample 23","dXIC","R3","-Dox","diff","Esrrb",0.0295577502831242,-5.08031972336558
"Sample 24","dXIC","R3","+Dox","diff","Rnf12",0.695525871099913,-0.523823915974088
"Sample 24","dXIC","R3","+Dox","diff","Xist",0.830995963668384,-0.267086625364364
"Sample 24","dXIC","R3","+Dox","diff","Nanog",0.0230598309408175,-5.43847425361671
"Sample 24","dXIC","R3","+Dox","diff","Tsix_spliced",NA,NA
"Sample 24","dXIC","R3","+Dox","diff","Esrrb",0.035393215139011,-4.82038336685249
"Sample 3","WT","R1","-Dox","diff","Rnf12",0.385070143686591,-1.37680682640087
"Sample 3","WT","R1","-Dox","diff","Xist",0.348951061556912,-1.51890337421111
"Sample 3","WT","R1","-Dox","diff","Nanog",0.0238402329523006,-5.39045785676463
"Sample 3","WT","R1","-Dox","diff","Tsix_spliced",NA,NA
"Sample 3","WT","R1","-Dox","diff","Esrrb",0.0321137748152319,-4.96066393308435
"Sample 4","WT","R1","+Dox","diff","Rnf12",0.499442416976424,-1.00160974225787
"Sample 4","WT","R1","+Dox","diff","Xist",1.00619578616986,0.00891105291080037
"Sample 4","WT","R1","+Dox","diff","Nanog",0.023765903429805,-5.39496294492277
"Sample 4","WT","R1","+Dox","diff","Tsix_spliced",NA,NA
"Sample 4","WT","R1","+Dox","diff","Esrrb",0.0335505517890338,-4.89751969587515
"Sample 5","dXIC","R1","-Dox","2i","Rnf12",0.201252848552253,-2.31291889147067
"Sample 5","dXIC","R1","-Dox","2i","Xist",0.000548331666522498,-10.8326635869
"Sample 5","dXIC","R1","-Dox","2i","Nanog",1.08157195546172,0.113129648965682
"Sample 5","dXIC","R1","-Dox","2i","Tsix_spliced",0.0661826614255565,-3.91740288137829
"Sample 5","dXIC","R1","-Dox","2i","Esrrb",0.332465511821329,-1.5887234039125
"Sample 6","dXIC","R1","+Dox","2i","Rnf12",0.101345821109753,-3.30264149289588
"Sample 6","dXIC","R1","+Dox","2i","Xist",0.218791546821031,-2.19237109530792
"Sample 6","dXIC","R1","+Dox","2i","Nanog",0.852350409823144,-0.230481436050422
"Sample 6","dXIC","R1","+Dox","2i","Tsix_spliced",0.040783995467475,-4.61585307163572
"Sample 6","dXIC","R1","+Dox","2i","Esrrb",0.708617312814262,-0.49692138132761
"Sample 7","dXIC","R1","-Dox","diff","Rnf12",1.36504675925513,0.448950371064598
"Sample 7","dXIC","R1","-Dox","diff","Xist",0.0830251610473522,-3.59030757358855
"Sample 7","dXIC","R1","-Dox","diff","Nanog",0.041497255147605,-4.59084027779475
"Sample 7","dXIC","R1","-Dox","diff","Tsix_spliced",NA,NA
"Sample 7","dXIC","R1","-Dox","diff","Esrrb",0.0324357862487956,-4.94626977936943
"Sample 8","dXIC","R1","+Dox","diff","Rnf12",0.69512290583317,-0.524660009196037
"Sample 8","dXIC","R1","+Dox","diff","Xist",0.810769232502678,-0.302636753194079
"Sample 8","dXIC","R1","+Dox","diff","Nanog",0.0205859308735683,-5.60219750252839
"Sample 8","dXIC","R1","+Dox","diff","Tsix_spliced",NA,NA
"Sample 8","dXIC","R1","+Dox","diff","Esrrb",0.0286538814532687,-5.12512561016099
"Sample 9","WT","R2","-Dox","2i","Rnf12",0.166551678109575,-2.58595820477084
"Sample 9","WT","R2","-Dox","2i","Xist",0.000281489081676853,-11.7946334150278
"Sample 9","WT","R2","-Dox","2i","Nanog",0.570891764182244,-0.80871084505933
"Sample 9","WT","R2","-Dox","2i","Tsix_spliced",0.0393726416459577,-4.66666267865774
"Sample 9","WT","R2","-Dox","2i","Esrrb",0.665473036951095,-0.587547881409819
