"Sample","Cell_line","Replicate","KD","dTAG","Dox","gene","re","log2_re"
"Sample 13","XO","R1","WT","+dTAG",NA,"Otx2",0.116037500820991,-3.10733696621391
"Sample 13","XO","R1","WT","+dTAG",NA,"Xist",0.00866722420435458,-6.8502142598207
"Sample 13","XO","R1","WT","+dTAG",NA,"Nanog",0.0177805831410296,-5.8135535494723
"Sample 13","XO","R1","WT","+dTAG",NA,"Tsix",0.00493857537279926,-7.66168935601305
"Sample 13","XO","R1","WT","+dTAG",NA,"Esrrb",0.0196078452037055,-5.67242518992734
"Sample 13","XO","R1","WT","+dTAG",NA,"Fgf5",0.0493863582964158,-4.33974360011089
"Sample 14","XO","R1","KD","-dTAG",NA,"Otx2",0.0859829734620611,-3.53980518732983
"Sample 14","XO","R1","KD","-dTAG",NA,"Xist",0.000215872218840221,-12.1775347884369
"Sample 14","XO","R1","KD","-dTAG",NA,"Nanog",0.0192098688634679,-5.70200851932257
"Sample 14","XO","R1","KD","-dTAG",NA,"Tsix",0.00200049395615266,-8.9654280146098
"Sample 14","XO","R1","KD","-dTAG",NA,"Esrrb",0.00428686146426318,-7.86586248939895
"Sample 14","XO","R1","KD","-dTAG",NA,"Fgf5",0.0449462611757671,-4.4756550786517
"Sample 15","XO","R2","WT","+dTAG",NA,"Otx2",0.0983938300244815,-3.34528833835824
"Sample 15","XO","R2","WT","+dTAG",NA,"Xist",0.00873356034093958,-6.83921437890589
"Sample 15","XO","R2","WT","+dTAG",NA,"Nanog",0.0164117670510098,-5.92912560793213
"Sample 15","XO","R2","WT","+dTAG",NA,"Tsix",0.00556129097605872,-7.4903644613237
"Sample 15","XO","R2","WT","+dTAG",NA,"Esrrb",0.0165103859821751,-5.9204823415974
"Sample 15","XO","R2","WT","+dTAG",NA,"Fgf5",0.0512016744490767,-4.28766519830183
"Sample 16","XO","R2","KD","-dTAG",NA,"Otx2",0.139493646265578,-2.84172868401497
"Sample 16","XO","R2","KD","-dTAG",NA,"Xist",0.000351687272961549,-11.4734192526257
"Sample 16","XO","R2","KD","-dTAG",NA,"Nanog",0.0371104054810161,-4.75203242527243
"Sample 16","XO","R2","KD","-dTAG",NA,"Tsix",0.0021101861718682,-8.88841399787064
"Sample 16","XO","R2","KD","-dTAG",NA,"Esrrb",0.00722545140070332,-7.11269656373206
"Sample 16","XO","R2","KD","-dTAG",NA,"Fgf5",0.0754816659245667,-3.72772992536063
"Sample 17","XO","R3","WT","+dTAG",NA,"Otx2",0.0835545880859711,-3.58113713914069
"Sample 17","XO","R3","WT","+dTAG",NA,"Xist",0.0063865695324296,-7.29074307140735
"Sample 17","XO","R3","WT","+dTAG",NA,"Nanog",0.0130654869760561,-6.25809529207063
"Sample 17","XO","R3","WT","+dTAG",NA,"Tsix",0.00469349280066181,-7.73512233830712
"Sample 17","XO","R3","WT","+dTAG",NA,"Esrrb",0.017837216738297,-5.80896567043103
"Sample 17","XO","R3","WT","+dTAG",NA,"Fgf5",0.03730123176333,-4.74463291775249
"Sample 18","XO","R3","KD","-dTAG",NA,"Otx2",0.127532195287197,-2.97106659589869
"Sample 18","XO","R3","KD","-dTAG",NA,"Xist",0.000649033222941395,-10.5894200502526
"Sample 18","XO","R3","KD","-dTAG",NA,"Nanog",0.0304716609455878,-5.03638804936127
"Sample 18","XO","R3","KD","-dTAG",NA,"Tsix",0.00532175078140192,-7.55388333440234
"Sample 18","XO","R3","KD","-dTAG",NA,"Esrrb",0.00935625171660466,-6.73985360879772
"Sample 18","XO","R3","KD","-dTAG",NA,"Fgf5",0.0590207241553336,-4.08263456773575
