"Sample","Cell_line","Replicate","KD","dTAG","Gene","gene","re","log2_re"
"Sample 11","TS54","R3","WT","+dTAG","Xist","Rnf12",1.19243420159204,0.25390966064937
"Sample 11","TS54","R3","WT","+dTAG","Xist","Xist",0.466390253649742,-1.10039045462962
"Sample 11","TS54","R3","WT","+dTAG","Xist","Nanog",0.134686717600543,-2.89232051132299
"Sample 11","TS54","R3","WT","+dTAG","Xist","Tsix_spliced",0.0250418264832434,-5.31951639738366
"Sample 11","TS54","R3","WT","+dTAG","Xist","Esrrb",0.0355885405158106,-4.81244342056223
"Sample 11","TS54","R3","WT","+dTAG","Xist","Prdm14",0.00849336539056293,-6.8794479676051
"Sample 12","TS54","R3","KD","-dTAG","Xist","Rnf12",2.91642716660236,1.54420204545508
"Sample 12","TS54","R3","KD","-dTAG","Xist","Xist",0.0337174677819724,-4.89035999737278
"Sample 12","TS54","R3","KD","-dTAG","Xist","Nanog",0.0915020048498057,-3.45005283593886
"Sample 12","TS54","R3","KD","-dTAG","Xist","Tsix_spliced",0.0128493581158345,-6.28215989776663
"Sample 12","TS54","R3","KD","-dTAG","Xist","Esrrb",0.0193645438126395,-5.69043867482699
"Sample 12","TS54","R3","KD","-dTAG","Xist","Prdm14",0.00495333038354386,-7.65738543376767
"Sample 3","TS54","R1","WT","+dTAG","Xist","Rnf12",1.27397743030174,0.349339719132537
"Sample 3","TS54","R1","WT","+dTAG","Xist","Xist",0.364934442213655,-1.45429077716329
"Sample 3","TS54","R1","WT","+dTAG","Xist","Nanog",0.174839273098736,-2.51589880970096
"Sample 3","TS54","R1","WT","+dTAG","Xist","Tsix_spliced",0.0190696694856747,-5.71257635060807
"Sample 3","TS54","R1","WT","+dTAG","Xist","Esrrb",0.0515002289933563,-4.27927734258867
"Sample 3","TS54","R1","WT","+dTAG","Xist","Prdm14",0.0141262120748994,-6.14548152901332
"Sample 4","TS54","R1","KD","-dTAG","Xist","Rnf12",2.24817187158429,1.16875233306949
"Sample 4","TS54","R1","KD","-dTAG","Xist","Xist",0.0164191108413429,-5.92848018808644
"Sample 4","TS54","R1","KD","-dTAG","Xist","Nanog",0.0931623886939719,-3.42410855889096
"Sample 4","TS54","R1","KD","-dTAG","Xist","Tsix_spliced",0.00787524683064254,-6.98845914265254
"Sample 4","TS54","R1","KD","-dTAG","Xist","Esrrb",0.0213019121801149,-5.55287324904439
"Sample 4","TS54","R1","KD","-dTAG","Xist","Prdm14",0.00639837802394759,-7.2880780535146
"Sample 7","TS54","R2","WT","+dTAG","Xist","Rnf12",1.30235162275051,0.381119015255649
"Sample 7","TS54","R2","WT","+dTAG","Xist","Xist",0.37096642705867,-1.43063946790014
"Sample 7","TS54","R2","WT","+dTAG","Xist","Nanog",0.14377977146667,-2.79806737917664
"Sample 7","TS54","R2","WT","+dTAG","Xist","Tsix_spliced",0.0285427452258461,-5.13073209065665
"Sample 7","TS54","R2","WT","+dTAG","Xist","Esrrb",0.041693874276331,-4.58402075335515
"Sample 7","TS54","R2","WT","+dTAG","Xist","Prdm14",0.0129059015842949,-6.27582526060495
"Sample 8","TS54","R2","KD","-dTAG","Xist","Rnf12",3.7303238700167,1.89930089197731
"Sample 8","TS54","R2","KD","-dTAG","Xist","Xist",0.0327615205911479,-4.93185387008526
"Sample 8","TS54","R2","KD","-dTAG","Xist","Nanog",0.0782001251471331,-3.67668527343131
"Sample 8","TS54","R2","KD","-dTAG","Xist","Tsix_spliced",0.0123902017022615,-6.33465651622003
"Sample 8","TS54","R2","KD","-dTAG","Xist","Esrrb",0.0182652360742788,-5.77475578942873
"Sample 8","TS54","R2","KD","-dTAG","Xist","Prdm14",0.0059599302124946,-7.39048884704133
