"Sample","Replicate","timepoint","Dox","gene","re","log2_re"
"Sample 1","R1",24,"no Dox","Xist",0.0177797829387422,-5.81361847838048
"Sample 10","R1",96,"no Dox","Xist",0.160177798777645,-2.64225389603586
"Sample 11","R1",96,"24h +Dox","Xist",0.109566233752049,-3.19012483950979
"Sample 12","R1",96,"48h +Dox","Xist",0.0590579285336019,-4.0817254351774
"Sample 13","R2",24,"no Dox","Xist",0.0165902929224344,-5.91351683066523
"Sample 14","R2",24,"24h +Dox","Xist",0.127696656722342,-2.96920734113284
"Sample 15","R2",24,"48h +Dox","Xist",0.180927581538636,-2.46651573825034
"Sample 2","R1",24,"24h +Dox","Xist",0.147359150513718,-2.76259144507443
"Sample 22","R2",96,"no Dox","Xist",0.149106836021258,-2.74558169328284
"Sample 23","R2",96,"24h +Dox","Xist",0.163315836802573,-2.61426339848423
"Sample 24","R2",96,"48h +Dox","Xist",0.0512731096174981,-4.28565379265001
"Sample 25","R3",24,"no Dox","Xist",0.0248457913166044,-5.33085469858661
"Sample 26","R3",24,"24h +Dox","Xist",0.129545501845088,-2.94846917260323
"Sample 27","R3",24,"48h +Dox","Xist",0.220154678984356,-2.18341058844679
"Sample 3","R1",24,"48h +Dox","Xist",0.129054465321761,-2.95394803492692
"Sample 34","R3",96,"no Dox","Xist",0.18122473944096,-2.46414818016265
"Sample 35","R3",96,"24h +Dox","Xist",0.175163685336478,-2.51322438624627
"Sample 36","R3",96,"48h +Dox","Xist",0.0602267000224624,-4.05345297770184
